,ID,uID,motherID,daughter1ID,daughter2ID,cenX,cenY,Z,cellNo,intensity,area,ATP_Class,Age
0,0,0,-1,2,4,419.2023121387283,259.7846820809249,0,0,5.424764770971958,692,high,-5.0
1,1,1,-1,5,6,435.02150537634407,254.32377538829152,0,1,6.354823986925074,837,high,-5.0
2,2,2,0,3,-2,408.44407894736844,245.8684210526316,1,0,6.187686767578125,304,high,-5.0
3,2,3,2,26,28,407.6005361930295,247.44235924932977,2,6,3.530058935345936,373,high,-5.0
4,3,4,0,13,16,427.91379310344826,271.7528735632184,1,2,5.051234726078254,348,high,-5.0
5,4,5,1,7,9,423.6111111111111,246.52020202020202,1,1,7.349161169663915,396,high,-5.0
6,5,6,1,18,19,445.7136150234742,261.78403755868544,1,3,5.411205891382735,426,high,-5.0
7,6,7,5,8,-2,412.8395061728395,234.9506172839506,2,1,4.235715829642715,243,high,-5.0
8,6,8,7,32,34,405.0625,230.89488636363637,3,1,3.819303278337445,352,high,-5.0
9,7,9,5,10,-2,432.44444444444446,259.6038647342995,2,2,4.46045120363313,207,high,1.0
10,7,10,9,11,-2,432.38823529411764,264.0470588235294,3,6,2.5983712910026906,255,low,1.0
11,7,11,10,12,-2,438.30808080808083,275.4646464646465,4,8,3.262873504121425,198,low,1.0
12,7,12,11,103,104,441.42296072507554,278.0725075528701,5,15,3.9190205418786337,331,high,1.0
13,8,13,4,14,-2,409.36401673640165,267.744769874477,2,0,3.2784855350567277,239,low,1.0
14,8,14,13,15,-2,404.1474820143885,268.59712230215825,3,2,3.571760050455729,278,high,1.0
15,8,15,14,62,65,397.7115987460815,269.84012539184954,4,1,3.4906744541266024,319,high,1.0
16,9,16,4,17,-2,432.06113537117903,275.50218340611355,2,3,3.4322759454900567,229,low,-5.0
17,9,17,16,39,42,431.3859649122807,281.71228070175437,3,5,3.611250813802083,285,high,-5.0
18,10,18,6,21,22,434.98496240601503,244.68796992481202,2,4,3.9141389653923806,266,high,1.0
19,11,19,6,20,-2,450.1864406779661,268.55254237288136,2,5,3.288579136274437,295,low,-5.0
20,11,20,19,46,48,451.9392097264438,269.9878419452888,3,7,3.2941303001101323,329,low,1.0
21,12,21,18,35,37,423.8904109589041,237.17123287671234,3,4,4.134103709253772,146,high,2.0
22,13,22,18,23,-2,436.41212121212124,251.07272727272726,3,8,3.286217041015625,165,low,2.0
23,13,23,22,24,-2,436.19473684210527,253.81578947368422,4,9,2.540319427242124,190,low,1.0
24,13,24,23,25,-2,439.259649122807,255.03157894736842,5,10,4.566610639523237,285,high,1.0
25,13,25,24,129,131,442.43119266055044,254.9816513761468,6,20,2.854548863002232,327,low,1.0
26,14,26,3,27,-2,394.469298245614,237.03508771929825,3,0,3.3000367047035533,228,low,-5.0
27,14,27,26,50,54,389.77862595419845,236.06870229007635,4,0,2.5356773093894676,262,low,-5.0
28,15,28,3,29,-2,412.79464285714283,259.33482142857144,3,3,3.9976694886113555,224,high,1.0
29,15,29,28,30,-2,408.7062706270627,262.57095709570956,4,3,3.8222749917814047,303,high,1.0
30,15,30,29,31,-2,403.2608695652174,260.42119565217394,5,4,2.991422176361084,368,low,1.0
31,15,31,30,118,124,396.84486873508354,259.00954653937947,6,18,2.5054823804659896,419,low,1.0
32,16,32,8,33,-2,394.62015503875966,223.34883720930233,4,2,4.653701961741728,258,high,-5.0
33,16,33,32,73,75,394.5662337662338,222.54025974025973,5,2,2.9523878649855213,385,low,-5.0
34,17,34,8,67,70,411.47520661157023,240.04545454545453,4,4,3.6047238269484185,242,high,1.0
35,18,35,21,36,-2,427.7389162561576,232.3793103448276,4,6,4.865727315422233,203,high,3.0
36,18,36,35,86,80,432.5793357933579,226.35055350553506,5,9,4.320153604006634,271,high,3.0
37,19,37,21,38,-2,423.8720930232558,251.92441860465115,4,7,2.530792516305906,172,low,3.0
38,19,38,37,95,97,426.322695035461,248.08156028368793,5,14,4.995119125124008,282,high,1.0
39,20,39,17,40,-2,422.70714285714286,282.0285714285714,4,5,2.461012040061512,140,low,1.0
40,20,40,39,41,-2,420.94466454598034,284.5527472527473,5,8,3.4442328014513004,211,low,1.0
41,20,41,40,708,112,419.18218623481783,287.0769230769231,6,8,3.005594276520143,247,low,1.0
42,21,42,17,43,-2,438.9717514124294,289.71751412429376,4,12,2.3441885183523365,177,low,-5.0
43,21,43,42,44,-2,444.8938775510204,292.39591836734695,5,11,3.2381854942458834,245,low,-5.0
44,21,44,43,45,-2,445.2701754385965,295.0,6,12,2.4642120821392117,285,low,-5.0
45,21,45,44,194,197,446.3662790697674,299.68023255813955,7,23,2.251631673177083,344,low,-5.0
46,22,46,20,47,-2,448.9488372093023,260.8046511627907,4,10,4.249187469482422,215,high,2.0
47,22,47,46,667,77,452.33557046979865,259.27852348993287,5,12,4.456563313802083,298,high,2.0
48,23,48,20,49,-2,456.78142076502735,283.7158469945355,4,11,7.4298398270566235,183,high,2.0
49,23,49,48,89,92,465.7985074626866,280.94029850746267,5,13,3.428093167299724,268,low,2.0
50,24,50,27,51,-2,380.6896551724138,225.66810344827587,5,0,2.9326796660552152,232,low,-5.0
51,24,51,50,52,-2,376.34671532846716,225.3978102189781,6,1,3.4533002299647175,274,low,-5.0
52,24,52,51,53,-2,372.5170278637771,224.09597523219813,7,0,3.4371110347279332,323,low,-5.0
53,24,53,52,234,239,369.96478873239437,219.62910798122067,8,32,3.365805233226103,426,low,-5.0
54,25,54,27,55,-2,396.77272727272725,243.84415584415584,5,3,3.509356831395349,154,high,1.0
55,25,55,54,56,-2,395.08673469387753,242.60714285714286,6,3,2.9114448002406528,196,low,1.0
56,25,56,55,57,-2,391.5,242.50387596899225,7,2,3.570172079248366,258,high,1.0
57,25,57,56,58,-2,391.9450867052023,241.08092485549133,8,33,3.5398308249080883,346,high,1.0
58,25,58,57,59,-2,381.27906976744185,230.75968992248062,9,3,3.634508514404297,258,high,1.0
59,25,59,58,60,-2,374.4260869565217,224.70434782608694,10,2,5.752874655801742,115,high,1.0
60,25,60,59,61,-2,375.73376623376623,226.77272727272728,11,31,3.268617891418147,308,low,1.0
61,25,61,60,432,756,373.9951923076923,228.18509615384616,12,70,3.81582272707761,416,high,1.0
62,26,62,15,63,-2,383.73148148148147,261.99074074074076,5,1,3.2496839735243057,216,low,2.0
63,26,63,62,64,-2,379.87068965517244,261.87931034482756,6,0,2.6949596136388645,232,low,2.0
64,26,64,63,177,180,375.32441471571906,259.8294314381271,7,20,2.2771930167688192,299,low,2.0
65,27,65,15,66,-2,404.03092783505156,278.19072164948454,5,5,3.084289042154948,194,low,1.0
66,27,66,65,106,109,403.2262443438914,283.2669683257919,6,4,1.8794949942261634,221,low,1.0
67,28,67,34,68,-2,413.2205128205128,224.23076923076923,5,6,3.991664341517857,195,high,1.0
68,28,68,67,69,-2,411.5781818181818,216.72727272727272,6,6,2.7787329491148602,275,low,1.0
69,28,69,68,140,141,408.3218085106383,209.7154255319149,7,6,2.567045963171757,376,low,1.0
70,29,70,34,71,-2,414.7543859649123,247.69005847953215,5,7,4.841323020241477,171,high,2.0
71,29,71,70,72,-2,413.03937007874015,247.20866141732284,6,7,3.7628321154364226,254,high,2.0
72,29,72,71,701,739,412.679012345679,248.57716049382717,7,8,3.5797342572893416,324,high,2.0
73,30,73,33,74,-2,386.647577092511,216.47577092511014,6,2,3.510698129009727,227,high,-5.0
74,30,74,73,132,134,385.11240310077517,213.65116279069767,7,3,3.1754654285519623,258,low,-5.0
75,31,75,33,76,-2,400.07327586206895,224.80172413793105,6,5,3.3559468587239585,232,low,1.0
76,31,76,75,182,185,397.8621908127208,222.48409893992934,7,21,2.8247122535093583,283,low,1.0
77,32,77,47,78,-2,452.37704918032784,247.2568306010929,6,14,3.860081599308894,183,high,3.0
78,32,78,77,79,-2,456.4024390243902,242.5650406504065,7,16,2.7062566420611214,246,low,3.0
79,32,79,78,209,211,461.041782729805,232.24233983286908,8,28,2.9096722940760333,359,low,3.0
80,33,80,36,81,-2,424.79285714285714,215.43571428571428,6,19,3.2096706483422257,140,low,4.0
81,33,81,80,82,-2,424.3115577889447,205.643216080402,7,10,2.9037994625061514,199,low,4.0
82,33,82,81,83,-2,428.6350364963504,197.62408759124088,8,14,3.889406001767633,274,high,4.0
83,33,83,82,84,-2,432.64308681672026,194.42122186495178,9,30,2.7979167958416005,311,low,4.0
84,33,84,83,85,-2,430.7073170731707,182.58536585365854,10,22,4.477410377540025,287,high,4.0
85,33,85,84,936,727,435.7931034482759,173.81167108753317,11,26,3.556430890293195,377,high,4.0
86,34,86,36,87,-2,438.40372670807454,228.11801242236024,6,21,3.111255830931432,161,low,1.0
87,34,87,86,88,-2,440.25906735751295,222.89637305699483,7,13,3.1537547537950967,193,low,1.0
88,34,88,87,204,207,442.4836065573771,218.8237704918033,8,20,4.135378715319511,244,high,4.0
89,35,89,49,90,-2,469.72327044025155,264.748427672956,6,16,3.1154011205299614,159,low,1.0
90,35,90,89,91,-2,469.7432432432432,259.93243243243245,7,18,3.0003399026804956,222,low,1.0
91,35,91,90,216,218,474.9936102236422,255.56230031948883,8,30,3.344865949763808,313,low,1.0
92,36,92,49,93,-2,469.5,287.8766233766234,6,17,2.4030035267705503,154,low,3.0
93,36,93,92,94,-2,473.56164383561645,288.9269406392694,7,19,3.0274864402977197,219,low,3.0
94,36,94,93,223,227,483.5339805825243,287.7346278317152,8,31,2.579491843639965,309,low,3.0
95,37,95,38,96,-2,424.41847826086956,238.7173913043478,6,9,3.438201904296875,184,low,1.0
96,37,96,95,151,674,423.35661764705884,232.11764705882354,7,11,3.5349369258671017,272,high,1.0
97,38,97,38,98,-2,433.73737373737373,262.7070707070707,6,11,3.681612836636179,198,high,2.0
98,38,98,97,99,-2,435.6531365313653,261.8191881918819,7,24,3.403537021594101,271,low,2.0
99,38,99,98,100,-2,438.67597765363126,250.06703910614524,8,21,2.9624623355702457,179,low,2.0
100,38,100,99,101,-2,437.0358565737052,246.597609561753,9,25,3.4371127174014138,251,low,2.0
101,38,101,100,102,-2,434.0381679389313,232.0381679389313,10,28,5.9404717940318434,131,high,2.0
102,38,102,101,766,770,435.97777777777776,232.5911111111111,11,45,4.212462952086976,225,high,1.0
103,39,103,12,661,669,426.4739336492891,273.4407582938389,6,10,3.7066983736478365,211,high,1.0
104,40,104,12,105,-2,450.10377358490564,283.4622641509434,6,13,3.9120158174612225,212,high,1.0
105,40,105,104,161,729,449.7977941176471,287.24632352941177,7,14,3.397103781228537,272,low,1.0
106,41,106,66,107,-2,398.28187919463085,280.43624161073825,7,4,3.055538871071555,149,low,1.0
107,41,107,106,108,-2,394.00456621004565,279.2191780821918,8,5,2.6886809250404093,219,low,1.0
108,41,108,107,248,255,392.25333333333333,285.93666666666667,9,6,2.681861584003155,300,low,1.0
109,42,109,66,110,-2,406.314465408805,299.44654088050316,7,7,2.6684837341308594,159,low,2.0
110,42,110,109,111,-2,406.49122807017545,303.7105263157895,8,8,2.7111519478462838,228,low,2.0
111,42,111,110,891,895,406.5691056910569,304.349593495935,9,29,3.109768954190341,246,low,2.0
112,43,112,41,113,-2,413.4957264957265,284.46153846153845,7,9,2.602062168406017,117,low,1.0
113,43,113,112,114,-2,410.7261146496815,286.70063694267515,8,11,2.7218910618832237,157,low,2.0
114,43,114,113,115,-2,409.4171779141104,283.41104294478527,9,7,2.494417642809681,163,low,2.0
115,43,115,114,116,-2,409.45762711864404,282.1864406779661,10,19,3.8772930180260894,177,high,2.0
116,43,116,115,117,-2,411.1641791044776,287.1865671641791,11,10,1.7906776428222657,134,low,2.0
117,43,117,116,449,453,406.02127659574467,282.8723404255319,12,42,2.7737351405767745,141,low,2.0
118,44,118,31,119,-2,385.1394230769231,252.8125,7,1,2.519257730512477,208,low,1.0
119,44,119,118,120,-2,383.91570881226056,250.47892720306513,8,1,2.917699091852048,261,low,1.0
120,44,120,119,121,-2,380.61187214611874,247.71689497716895,9,32,2.2877028211415245,219,low,2.0
121,44,121,120,122,-2,377.28834355828224,247.35276073619633,10,3,3.6529806385869565,326,high,1.0
122,44,122,121,123,-2,376.31290322580645,249.33870967741936,11,32,2.3596233021129263,310,low,2.0
123,44,123,122,692,444,370.0381679389313,248.4198473282443,12,35,1.6288226253197287,393,low,2.0
124,45,124,31,125,-2,405.4217391304348,267.6565217391304,7,5,2.611065513209293,230,low,2.0
125,45,125,124,126,-2,406.22813688212926,268.5171102661597,8,34,2.9341796875,263,low,2.0
126,45,126,125,127,-2,402.51495016611295,264.7707641196013,9,37,2.960718455048382,301,low,2.0
127,45,127,126,128,-2,402.25714285714287,255.72207792207791,10,11,6.194790444355237,385,high,2.0
128,45,128,127,351,357,401.3583138173302,262.41217798594846,11,25,3.4160883739741164,427,low,2.0
129,46,129,25,130,-2,439.77464788732397,238.7793427230047,7,12,3.735769243382696,213,high,1.0
130,46,130,129,201,806,440.0280701754386,232.31578947368422,8,17,3.0413818359375,285,low,2.0
131,47,131,25,164,167,447.96039603960395,265.91089108910893,7,15,3.2411503612546992,202,low,1.0
132,48,132,74,133,-2,383.62841530054646,201.31147540983608,8,3,2.3077100224855567,183,low,-5.0
133,48,133,132,281,680,379.6190476190476,198.84415584415584,9,27,2.8965304585911285,231,low,-5.0
134,49,134,74,135,-2,387.576,222.008,8,4,3.910975801771966,125,high,-5.0
135,49,135,134,136,-2,387.25961538461536,219.77884615384616,9,5,3.354762129350142,104,low,1.0
136,49,136,135,137,-2,389.521327014218,226.71090047393366,10,10,5.0746085030691965,211,high,1.0
137,49,137,136,138,-2,386.5359477124183,214.58169934640523,11,47,4.405640375046503,153,high,1.0
138,49,138,137,139,-2,392.6588235294118,235.97058823529412,12,5,3.9039321748336944,170,high,1.0
139,49,139,138,574,581,389.21649484536084,240.20618556701032,13,18,5.814655908469946,291,high,1.0
140,50,140,69,200,697,406.16194331983803,191.33603238866397,8,9,3.279408237390351,247,low,1.0
141,51,141,69,142,-2,412.73478260869564,218.3304347826087,8,10,3.4392936393006206,230,low,1.0
142,51,142,141,143,-2,409.6462585034014,211.3843537414966,9,33,4.046753263212944,294,high,1.0
143,51,143,142,144,-2,403.2247191011236,199.14606741573033,10,14,5.754742431640625,178,high,1.0
144,51,144,143,145,-2,399.94642857142856,193.125,11,48,3.845811144053507,224,high,1.0
145,51,145,144,146,-2,394.30405405405406,178.76351351351352,12,7,3.0477218627929688,148,low,1.0
146,51,146,145,147,-2,391.1263736263736,175.6813186813187,13,23,8.363491165303738,182,high,1.0
147,51,147,146,148,-2,384.9710144927536,142.06763285024155,14,71,3.226538224653764,207,low,1.0
148,51,148,147,149,-2,384.9710144927536,142.06763285024155,15,71,5.211951053503788,207,high,1.0
149,51,149,148,150,-2,378.3429602888087,132.72202166064983,16,67,4.174732336837255,277,high,1.0
150,51,150,149,-1,-1,368.8325991189427,106.31277533039648,17,31,3.6345653658598858,227,high,1.0
151,52,151,96,152,-2,419.67391304347825,208.07065217391303,8,12,3.3078141645951704,184,low,2.0
152,52,152,151,153,-2,416.84507042253523,200.53521126760563,9,8,3.4139400979746943,284,low,2.0
153,52,153,152,154,-2,431.7172131147541,202.06967213114754,10,26,6.951584150206368,244,high,2.0
154,52,154,153,155,-2,429.6363636363636,194.21428571428572,11,51,2.9432554898196703,154,low,2.0
155,52,155,154,156,-2,418.64864864864865,176.11486486486487,12,10,3.6102867555082514,148,high,2.0
156,52,156,155,157,-2,427.9634146341463,170.6280487804878,13,82,7.591960818268532,80,high,2.0
157,52,157,156,158,-2,431.0,156.01136363636363,14,38,3.2027976026812803,176,low,2.0
158,52,158,157,159,-2,431.0,156.01136363636363,15,38,3.921189984071602,176,high,2.0
159,52,159,158,160,-2,446.744,152.024,16,134,4.516753347296464,125,high,2.0
160,52,160,159,-1,-1,452.87142857142857,146.52142857142857,17,118,4.554084600404251,140,high,2.0
161,53,161,105,162,-2,458.40260076252724,290.67130991285404,8,27,2.8538630928580218,196,low,2.0
162,53,162,161,163,-2,467.0074074074074,294.0962962962963,9,18,3.2643075422807173,270,low,2.0
163,53,163,162,329,336,469.3952879581152,299.14397905759165,10,46,4.754911534926471,382,high,2.0
164,54,164,131,165,-2,451.2295081967213,255.78688524590163,8,24,3.5691310934824485,122,high,1.0
165,54,165,164,166,-2,452.7463768115942,257.2826086956522,9,14,3.5691308130191852,138,high,1.0
166,54,166,165,301,303,451.7391304347826,251.7478260869565,10,35,5.940339649822695,230,high,1.0
167,55,167,131,168,-2,456.9051724137931,273.6465517241379,8,26,3.569131374359131,116,high,2.0
168,55,168,167,169,-2,456.5673758865248,277.5531914893617,9,17,2.9172284294577207,141,low,2.0
169,55,169,168,170,-2,457.85593220338984,281.978813559322,10,38,7.643933182242532,236,high,2.0
170,55,170,169,171,-2,459.81447963800906,284.3076923076923,11,16,3.7188802403727856,221,high,2.0
171,55,171,170,172,-2,458.5061728395062,293.320987654321,12,20,3.565423353663031,162,high,2.0
172,55,172,171,922,942,464.5801886792453,282.6320754716981,13,58,7.210278962787829,212,high,2.0
173,56,173,668,174,-2,445.9802955665025,274.83251231527095,8,23,2.9328056640625,203,low,1.0
174,56,174,173,271,860,445.8965517241379,277.9425287356322,9,26,2.9824255297997753,261,low,1.0
175,57,175,668,176,-2,466.9741379310345,268.3318965517241,8,29,2.7593550810942777,232,low,2.0
176,57,176,175,264,267,467.26962457337885,266.1877133105802,9,20,2.6452263893165027,293,low,2.0
177,58,177,64,178,-2,363.86893203883494,249.61165048543688,8,0,2.3597089705928678,206,low,3.0
178,58,178,177,179,-2,361.7181818181818,248.85454545454544,9,0,2.6399219128512597,220,low,3.0
179,58,179,178,341,343,360.2924281984334,251.48563968668407,10,47,4.768813129249477,383,high,3.0
180,59,180,64,181,-2,380.4579439252336,272.196261682243,8,2,2.4227119341288526,214,low,1.0
181,59,181,180,244,791,380.0978260869565,278.6014492753623,9,4,2.931535436751995,276,low,1.0
182,60,182,76,183,-2,394.84180790960454,208.42937853107344,8,6,4.11311137781734,177,high,1.0
183,60,183,182,184,-2,393.7118644067797,208.5141242937853,9,34,3.5234913376142396,177,high,1.0
184,60,184,183,749,752,394.2214532871972,205.87543252595157,10,8,5.503626690009715,289,high,1.0
185,61,185,76,186,-2,401.4754098360656,230.08743169398906,8,7,4.671156472306911,183,high,1.0
186,61,186,185,187,-2,401.47482014388487,232.77697841726618,9,41,3.844679022554177,278,high,2.0
187,61,187,186,188,-2,401.30555555555554,237.15277777777777,10,16,6.129391725035919,144,high,2.0
188,61,188,187,189,-2,400.8841059602649,242.98013245033113,11,35,3.393022896039604,302,low,2.0
189,61,189,188,190,-2,410.9032258064516,249.6733870967742,12,47,3.822250186695772,248,high,2.0
190,61,190,189,191,-2,421.98924731182797,264.7741935483871,13,87,7.3013696005178055,93,high,2.0
191,61,191,190,192,-2,414.652,276.672,14,97,4.012214279174804,250,high,2.0
192,61,192,191,193,-2,414.652,276.672,15,97,4.26451301574707,250,high,2.0
193,61,193,192,648,649,417.7245901639344,277.2491803278688,16,94,3.5442111407439723,305,high,2.0
194,62,194,45,195,-2,436.5211267605634,308.90610328638496,8,19,2.6986782156306206,213,low,1.0
195,62,195,194,196,-2,434.28793774319064,320.0077821011673,9,10,2.58792845965826,257,low,1.0
196,62,196,195,290,295,431.26149425287355,329.4568965517241,10,23,3.89392822265625,348,high,1.0
197,63,197,45,198,-2,461.10729613733906,302.90128755364805,8,25,2.4720231598498774,233,low,-5.0
198,63,198,197,199,-2,462.6194029850746,310.29477611940297,9,15,3.1523026899857953,268,low,-5.0
199,63,199,198,346,348,465.74805194805197,320.2701298701299,10,50,3.7324238679846937,385,high,-5.0
200,64,200,140,284,285,409.79661016949154,175.91525423728814,9,36,3.0085920446059284,118,low,1.0
201,65,201,130,202,-2,432.4195804195804,221.26573426573427,9,11,3.1252118691630746,143,low,2.0
202,65,202,201,298,977,425.1069182389937,215.62893081761007,10,24,4.911797841389974,159,high,3.0
203,66,203,813,-1,-1,473.40106951871655,235.67379679144386,17,126,3.724361387621455,187,high,1.0
204,67,204,88,205,-2,435.5081967213115,209.01639344262296,9,31,4.103774341184701,122,high,1.0
205,67,205,204,206,-2,444.53939393939396,200.4,10,30,5.121669422496449,165,high,5.0
206,67,206,205,705,258,444.83982683982686,194.8874458874459,11,28,3.4456239730592757,231,low,5.0
207,68,207,88,208,-2,450.4161073825503,220.86577181208054,9,35,3.856961272483648,149,high,5.0
208,68,208,207,990,993,451.11737089201876,221.2018779342723,10,33,6.477280236724624,213,high,1.0
209,69,209,79,210,-2,460.81439393939394,211.34848484848484,9,16,3.4284549386160714,264,low,3.0
210,69,210,209,310,316,459.02133333333336,203.56533333333334,10,37,4.526281690783074,375,high,3.0
211,70,211,79,212,-2,461.965367965368,238.6060606060606,9,19,2.910506902956495,231,low,3.0
212,70,212,211,213,-2,468.7902298850575,233.66954022988506,10,39,4.388821072048611,348,high,3.0
213,70,213,212,214,-2,475.7352941176471,224.2549019607843,11,61,2.9081708419421486,204,low,1.0
214,70,214,213,215,-2,479.73148148148147,217.68055555555554,12,72,2.7673467591751453,216,low,1.0
215,70,215,214,786,585,483.55555555555554,214.45138888888889,13,78,7.224138718875334,288,high,1.0
216,71,216,91,217,-2,475.87719298245617,245.6549707602339,9,21,3.0936095039799527,171,low,2.0
217,71,217,216,322,328,486.412,240.404,10,43,4.489045453494822,250,high,2.0
218,72,218,91,219,-2,478.69662921348316,268.79213483146066,9,22,3.657693895242982,178,high,1.0
219,72,219,218,220,-2,480.1515151515151,265.987012987013,10,42,5.711811938316994,231,high,1.0
220,72,220,219,221,-2,484.24657534246575,259.1826484018265,11,22,3.1035374550923813,219,low,1.0
221,72,221,220,222,-2,488.5904761904762,260.20952380952383,12,24,3.0778206000893804,105,low,1.0
222,72,222,221,909,380,498.54028436018956,258.2796208530806,13,69,5.521532751012732,211,high,1.0
223,73,223,94,224,-2,485.0635838150289,297.83815028901734,9,23,2.866040151053612,173,low,4.0
224,73,224,223,225,-2,489.02978723404254,300.4255319148936,10,44,3.884415370966095,235,high,4.0
225,73,225,224,226,-2,489.9142857142857,299.7047619047619,11,23,2.437373427094006,210,low,4.0
226,73,226,225,419,424,490.9043824701195,300.9043824701195,12,25,3.2624144037085845,251,low,4.0
227,74,227,94,228,-2,489.0552147239264,275.5092024539877,9,24,2.835262854122421,163,low,1.0
228,74,228,227,229,-2,491.23478260869564,271.6695652173913,10,45,5.3520652770996096,230,high,1.0
229,74,229,228,230,-2,496.1422594142259,269.510460251046,11,24,2.699320727993983,239,low,4.0
230,74,230,229,231,-2,500.84249084249086,271.1868131868132,12,33,3.0652923583984375,273,low,4.0
231,74,231,230,232,-2,505.22935779816515,283.5045871559633,13,71,5.4859760612841475,218,high,4.0
232,74,232,231,233,-2,527.2632978723404,287.97074468085106,14,66,0.0,376,low,4.0
233,74,233,232,606,608,527.2632978723404,287.97074468085106,15,66,2.842719078063965,376,low,4.0
234,75,234,53,235,-2,364.0933333333333,229.82222222222222,9,1,3.0117051866319446,225,low,-5.0
235,75,235,234,236,-2,360.0962962962963,228.09259259259258,10,0,4.222039473684211,270,high,-5.0
236,75,236,235,237,-2,357.965034965035,223.94755244755245,11,1,2.753088748816288,286,low,-5.0
237,75,237,236,238,-2,353.8179012345679,220.74382716049382,12,29,2.71168683204816,324,low,-5.0
238,75,238,237,842,846,345.225988700565,220.86723163841808,13,2,5.433374798487103,354,high,1.0
239,76,239,53,240,-2,367.3022222222222,203.00444444444443,9,2,3.6904931640625,225,high,-5.0
240,76,240,239,241,-2,366.4037037037037,200.75185185185185,10,1,3.741676089638158,270,high,-5.0
241,76,241,240,242,-2,363.6798561151079,196.18345323741008,11,2,2.158121903737386,278,low,-5.0
242,76,242,241,243,-2,361.51666666666665,189.95,12,34,1.894993764049602,300,low,-5.0
243,76,243,242,476,480,357.2788844621514,176.63346613545818,13,5,3.819517965877757,251,high,-5.0
244,77,244,181,245,-2,379.0316742081448,299.03619909502265,10,4,3.8097005754509228,221,high,2.0
245,77,245,244,246,-2,377.3407079646018,297.0619469026549,11,4,2.8541619050587324,226,low,2.0
246,77,246,245,397,401,374.66013071895424,306.0326797385621,12,1,2.3446828741776318,306,low,2.0
247,78,247,580,-1,-1,365.56108597285066,259.80542986425337,17,24,3.504686753526866,221,high,1.0
248,79,248,108,249,-2,391.9913043478261,299.995652173913,10,12,3.739769188133446,230,high,1.0
249,79,249,248,250,-2,391.36099585062243,301.1701244813278,11,38,3.2192982264927457,241,low,1.0
250,79,250,249,251,-2,381.6223776223776,295.8251748251748,12,37,2.5248081207275392,143,low,1.0
251,79,251,250,252,-2,374.34193548387094,292.6645161290323,13,13,7.671027070732527,155,high,1.0
252,79,252,251,253,-2,391.36032388663966,298.7206477732793,14,19,3.26629638671875,247,low,1.0
253,79,253,252,254,-2,391.36032388663966,298.7206477732793,15,19,3.771590718462423,247,high,1.0
254,79,254,253,631,632,386.43145161290323,299.0443548387097,16,20,3.2657018733929983,248,low,1.0
255,80,255,108,256,-2,396.7263157894737,271.9421052631579,10,13,4.33666886954472,190,high,2.0
256,80,256,255,257,-2,392.76774193548385,276.8709677419355,11,53,3.2666446083470393,155,low,2.0
257,80,257,256,837,758,387.51666666666665,275.51666666666665,12,48,3.887585224549463,240,high,2.0
258,81,258,206,259,-2,437.2086956521739,189.8521739130435,12,46,3.81642829047309,230,high,6.0
259,81,259,258,260,-2,434.3974358974359,172.15384615384616,13,88,12.56907091642681,78,high,6.0
260,81,260,259,261,-2,448.2121212121212,164.06060606060606,14,124,3.183823762116609,99,low,6.0
261,81,261,260,262,-2,448.11538461538464,164.45192307692307,15,125,4.697994232177734,104,high,6.0
262,81,262,261,263,-2,459.1682242990654,156.20560747663552,16,79,5.1536198933919275,107,high,6.0
263,81,263,262,-1,-1,466.3474576271187,149.8050847457627,17,78,5.069684770372179,118,high,6.0
264,82,264,176,265,-2,472.2651933701657,249.8121546961326,10,40,4.745321737753378,181,high,2.0
265,82,265,264,266,-2,476.2706766917293,243.42857142857142,11,18,4.113121646574174,266,high,3.0
266,82,266,265,801,724,480.0525,242.3775,12,44,3.533060857599432,400,high,3.0
267,83,267,176,268,-2,468.990099009901,274.3217821782178,10,41,3.699850964902052,202,high,2.0
268,83,268,267,269,-2,471.5637254901961,271.65686274509807,11,19,2.9219582080841064,204,low,1.0
269,83,269,268,270,-2,468.65,282.325,12,32,3.1135659254234254,200,low,1.0
270,83,270,269,570,555,469.0772727272727,296.07272727272726,13,60,5.328536323879076,220,high,3.0
271,84,271,174,272,-2,445.675799086758,265.6392694063927,10,31,3.7347399304796767,219,high,1.0
272,84,272,271,273,-2,447.6222222222222,271.76296296296294,11,37,3.808587195889262,270,high,1.0
273,84,273,272,274,-2,452.0662251655629,278.97350993377484,12,53,3.768433565920499,302,high,1.0
274,84,274,273,275,-2,446.74257425742576,285.7095709570957,13,48,6.400160544829843,303,high,1.0
275,84,275,274,276,-2,460.0153256704981,286.9616858237548,14,79,3.831497995476974,261,high,1.0
276,84,276,275,277,-2,460.0153256704981,286.9616858237548,15,79,3.395969323944627,261,low,1.0
277,84,277,276,278,-2,463.71091445427726,288.35103244837757,16,78,2.704950677140694,339,low,1.0
278,84,278,277,-1,-1,456.74407582938386,296.8293838862559,17,122,3.9007315958352913,211,high,1.0
279,85,279,743,280,-2,440.5689655172414,309.9051724137931,12,64,3.448187301407999,116,low,2.0
280,85,280,279,1006,1010,449.90291262135923,322.0873786407767,13,55,11.369078519051534,103,high,2.0
281,86,281,133,282,-2,378.3152709359606,181.5369458128079,10,5,4.104129095147126,203,high,-5.0
282,86,282,281,283,-2,376.1030042918455,174.86695278969958,11,5,3.163313234007204,233,low,-5.0
283,86,283,282,402,405,374.71475409836063,171.45901639344262,12,3,2.4748431396484376,305,low,-5.0
284,87,284,200,980,986,407.5632183908046,186.3793103448276,10,17,5.158728257665095,174,high,1.0
285,88,285,200,286,-2,413.7196261682243,171.29439252336448,10,18,6.070369411159206,214,high,2.0
286,88,286,285,287,-2,417.03083700440527,163.3876651982379,11,9,3.3739276405991308,227,low,2.0
287,88,287,286,443,442,422.96875,151.74305555555554,12,31,3.4784157813628975,288,high,2.0
288,89,288,769,289,-2,443.3941176470588,249.94117647058823,16,130,4.091607534757224,170,high,2.0
289,89,289,288,-1,-1,439.1830357142857,250.50892857142858,17,70,4.046296984944123,224,high,1.0
290,90,290,196,291,-2,417.6885245901639,333.85792349726773,11,11,3.0149157815728307,183,low,1.0
291,90,291,290,292,-2,413.4660633484163,337.6923076923077,12,8,2.750342827338677,221,low,2.0
292,90,292,291,293,-2,414.59437751004015,342.65060240963857,13,29,6.575512130825506,249,high,2.0
293,90,293,292,294,-2,415.622754491018,354.42814371257487,14,28,2.6496875213223254,334,low,2.0
294,90,294,293,593,595,415.622754491018,354.42814371257487,15,28,3.406679644855349,334,low,2.0
295,91,295,196,296,-2,439.4861111111111,329.912037037037,11,13,3.0397878011067707,216,low,1.0
296,91,296,295,297,-2,440.3921568627451,337.73333333333335,12,12,2.464705260873538,255,low,1.0
297,91,297,296,516,520,439.1385542168675,345.5933734939759,13,46,6.0636184279983105,332,high,2.0
298,92,298,202,299,-2,441.5542168674699,217.65662650602408,11,40,3.4940488261561238,110,high,1.0
299,92,299,298,300,-2,423.1805929919137,197.28032345013477,12,55,4.342103167278011,83,high,4.0
300,92,300,299,973,952,413.7913043478261,178.41739130434783,13,34,6.7420178581686585,115,high,4.0
301,93,301,166,302,-2,460.73655913978496,256.8494623655914,11,15,3.9963464658122416,186,high,1.0
302,93,302,301,805,832,464.502024291498,258.35222672064776,12,52,4.180730646306818,247,high,2.0
303,94,303,166,304,-2,447.3,248.51052631578946,11,57,3.770044199625651,190,high,2.0
304,94,304,303,305,-2,449.99375,250.9375,12,54,3.519940968048878,320,high,1.0
305,94,305,304,306,-2,448.7235772357724,266.1138211382114,13,54,4.449539405712183,123,high,1.0
306,94,306,305,307,-2,439.34831460674155,274.5168539325843,14,98,3.8052889437288853,267,high,1.0
307,94,307,306,308,-2,439.34831460674155,274.5168539325843,15,98,3.8363584776182433,267,high,1.0
308,94,308,307,309,-2,443.4260869565217,276.39710144927534,16,124,3.707606798537234,345,high,1.0
309,94,309,308,-1,-1,436.54589371980677,283.4830917874396,17,65,3.2051979838937954,207,low,1.0
310,95,310,210,311,-2,454.8224299065421,189.26168224299064,11,42,2.4357218269173426,214,low,4.0
311,95,311,310,312,-2,454.44214876033055,188.89256198347107,12,16,2.9503632629809737,242,low,4.0
312,95,312,311,313,-2,456.82278481012656,186.85759493670886,13,76,6.861753157383419,316,high,4.0
313,95,313,312,314,-2,469.9449275362319,175.17391304347825,14,103,3.925267167524858,345,high,4.0
314,95,314,313,315,-2,469.9449275362319,175.17391304347825,15,103,5.0731267755681815,345,high,4.0
315,95,315,314,725,726,474.6363636363636,172.86493506493505,16,105,3.834019178025266,385,high,4.0
316,96,316,210,317,-2,467.4381443298969,209.24742268041237,11,55,2.4870996475219727,194,low,4.0
317,96,317,316,318,-2,472.6480686695279,202.49356223175965,12,22,2.5486877830165207,233,low,4.0
318,96,318,317,319,-2,476.3044776119403,200.9731343283582,13,77,6.41913532239819,335,high,4.0
319,96,319,318,320,-2,475.5263157894737,204.2578947368421,14,104,3.0984440651260505,190,low,4.0
320,96,320,319,321,-2,475.5263157894737,204.2578947368421,15,104,3.795145756056329,190,high,4.0
321,96,321,320,946,947,479.52597402597405,190.9935064935065,16,81,3.875889099750322,308,high,4.0
322,97,322,217,323,-2,490.42857142857144,223.3673469387755,11,30,3.3144025449399597,98,low,3.0
323,97,323,322,324,-2,497.0,219.06417112299465,12,26,2.838059135105299,187,low,3.0
324,97,324,323,325,-2,502.43003412969284,214.36518771331058,13,70,5.544416863301079,293,high,3.0
325,97,325,324,326,-2,509.80071174377224,194.91459074733095,14,61,2.818501240498311,281,low,3.0
326,97,326,325,327,-2,509.80071174377224,194.91459074733095,15,61,3.316237990920608,281,low,3.0
327,97,327,326,799,800,514.8179271708683,188.7591036414566,16,53,3.148714524872449,357,low,3.0
328,98,328,217,916,384,495.9085714285714,240.65714285714284,11,58,3.3585902622767856,175,low,3.0
329,99,329,163,330,-2,466.3659793814433,310.47938144329896,11,17,2.3991408348083496,194,low,3.0
330,99,330,329,331,-2,468.10775862068965,310.67241379310343,12,21,2.4562142565359477,232,low,3.0
331,99,331,330,332,-2,469.625,321.2980769230769,13,62,7.335231300636574,208,high,1.0
332,99,332,331,333,-2,476.7,337.4925925925926,14,57,3.046254136827257,270,low,1.0
333,99,333,332,334,-2,476.7,337.4925925925926,15,57,2.808906894259983,270,low,1.0
334,99,334,333,335,-2,480.1894409937888,340.8229813664596,16,118,3.0367718533986174,322,low,1.0
335,99,335,334,-1,-1,481.83181818181816,348.2522727272727,17,156,3.4586895407236296,440,low,1.0
336,100,336,163,337,-2,479.54782608695655,285.6347826086957,11,20,2.658877478705512,230,low,3.0
337,100,337,336,338,-2,487.6551724137931,276.9080459770115,12,57,2.9376037005081916,174,low,3.0
338,100,338,337,339,-2,485.8779069767442,278.4651162790698,13,65,6.87917638708044,172,high,3.0
339,100,339,338,340,-2,498.8714953271028,279.76869158878503,14,106,3.2098953505693855,428,low,3.0
340,100,340,339,621,623,498.8714953271028,279.76869158878503,15,106,3.1295103945974576,428,low,3.0
341,101,341,179,342,-2,353.99,242.905,11,0,3.069542577711202,200,low,4.0
342,101,342,341,437,441,349.68913857677904,241.38951310861424,12,30,3.3916429088961695,267,low,4.0
343,102,343,179,344,-2,368.01724137931035,267.7241379310345,11,3,3.3281347886571346,174,low,1.0
344,102,344,343,345,-2,359.1062992125984,277.33858267716533,12,0,3.027089188738567,254,low,1.0
345,102,345,344,470,473,350.3506172839506,282.1679012345679,13,3,5.294322927930363,405,high,4.0
346,103,346,199,347,-2,462.68260869565216,332.8652173913043,11,14,2.7507373374580535,230,low,-5.0
347,103,347,346,413,416,463.7068403908795,338.58631921824104,12,19,2.2520256617560457,307,low,1.0
348,104,348,199,349,-2,477.8673469387755,309.86224489795916,11,21,3.577976159882127,196,high,-5.0
349,104,349,348,350,-2,479.6632302405498,307.0378006872852,12,23,2.8057824149349617,291,low,-5.0
350,104,350,349,926,566,481.64028776978415,310.7338129496403,13,66,4.889556059966216,278,high,1.0
351,105,351,128,352,-2,409.9074074074074,269.63425925925924,12,38,3.449121311732701,216,low,3.0
352,105,352,351,353,-2,401.93392070484583,270.11453744493394,13,25,6.486934021441606,227,high,3.0
353,105,353,352,354,-2,372.11538461538464,283.34134615384613,14,14,4.16140432918773,208,high,1.0
354,105,354,353,355,-2,372.11538461538464,283.34134615384613,15,14,4.209967220530791,208,high,1.0
355,105,355,354,356,-2,364.2585551330798,282.4334600760456,16,9,3.8452348552766393,263,high,1.0
356,105,356,355,-1,-1,359.0817843866171,286.9479553903346,17,20,3.5450500151070443,269,high,1.0
357,106,357,128,358,-2,389.3181818181818,256.7171717171717,12,39,3.761639267651003,198,high,1.0
358,106,358,357,428,578,382.5046439628483,252.6625386996904,13,73,5.243066635490023,323,high,1.0
359,107,359,732,360,-2,435.8392857142857,321.82142857142856,12,13,2.429198284538425,168,low,1.0
360,107,360,359,361,-2,434.0511627906977,321.27441860465115,13,45,7.472273855498343,215,high,2.0
361,107,361,360,362,-2,428.77064220183485,332.57339449541286,14,37,3.0170670630226675,218,low,2.0
362,107,362,361,363,-2,428.77064220183485,332.57339449541286,15,37,3.9012270645356515,218,high,2.0
363,107,363,362,364,-2,434.14539007092196,341.48936170212767,16,33,3.6304704382064497,282,high,2.0
364,107,364,363,-1,-1,435.01132075471696,352.2566037735849,17,167,3.8126485433923194,265,high,2.0
365,108,365,993,366,-2,444.78125,221.48125,12,14,4.387584399151546,160,high,1.0
366,108,366,365,540,544,452.26440677966104,235.32881355932204,13,51,7.481297942640868,295,high,2.0
367,109,367,993,368,-2,445.978417266187,210.0,12,15,4.235948584545618,139,high,2.0
368,109,368,367,875,879,442.35483870967744,204.96774193548387,13,85,6.274737548828125,93,high,2.0
369,110,369,673,370,-2,438.33116883116884,279.37012987012986,12,50,3.242806383358535,154,low,2.0
370,110,370,369,371,-2,431.55555555555554,285.9738562091503,13,44,4.681553484445595,153,high,1.0
371,110,371,370,372,-2,435.24454148471614,303.86899563318775,14,41,3.9429664089255136,229,high,1.0
372,110,372,371,373,-2,435.24454148471614,303.86899563318775,15,41,3.099693820901113,229,low,1.0
373,110,373,372,374,-2,430.45508982035926,308.72754491017963,16,129,3.5150407270951702,334,high,1.0
374,110,374,373,-1,-1,434.95588235294116,309.97058823529414,17,64,3.546329354881344,204,high,1.0
375,111,375,704,376,-2,429.2307692307692,273.2076923076923,12,66,3.300926530864877,130,low,3.0
376,111,376,375,377,-2,428.0242214532872,273.84083044982697,13,38,7.102802547600751,289,high,4.0
377,111,377,376,378,-2,430.7755102040816,293.0561224489796,14,74,4.504374784581802,196,high,4.0
378,111,378,377,379,-2,430.7755102040816,293.0561224489796,15,74,3.4454668830422794,196,low,4.0
379,111,379,378,764,634,434.00757575757575,292.719696969697,16,35,3.9570028516981335,132,high,4.0
380,112,380,222,381,-2,513.6170212765958,231.79432624113474,14,63,3.885230374623494,141,high,1.0
381,112,381,380,382,-2,513.6170212765958,231.79432624113474,15,63,3.90844285344503,141,high,1.0
382,112,382,381,383,-2,517.2738095238095,228.1845238095238,16,55,3.7080042912409854,168,high,1.0
383,112,383,382,-1,-1,518.6096256684492,218.53475935828877,17,95,4.284401516954438,187,high,1.0
384,113,384,328,385,-2,505.34831460674155,241.87078651685394,12,28,3.6758451790645204,178,high,4.0
385,113,385,384,386,-2,508.37007874015745,245.4291338582677,13,72,6.794753502155173,254,high,4.0
386,113,386,385,387,-2,522.2293906810036,222.831541218638,14,64,4.2646781391001,279,high,4.0
387,113,387,386,388,-2,522.2293906810036,222.831541218638,15,64,3.4451923880347595,279,low,4.0
388,113,388,387,678,638,526.7682926829268,221.66158536585365,16,56,3.4913529829545453,328,high,4.0
389,114,389,742,390,-2,428.26666666666665,220.07619047619048,12,43,4.075613403320313,105,high,3.0
390,114,390,389,391,-2,425.4788732394366,214.72535211267606,13,41,7.001309349423363,142,high,4.0
391,114,391,390,392,-2,430.3645833333333,212.234375,14,39,4.050586191813151,192,high,1.0
392,114,392,391,393,-2,430.3645833333333,212.234375,15,39,4.025636545817057,192,high,1.0
393,114,393,392,394,-2,429.1372549019608,207.83660130718954,16,101,3.847691361622144,153,high,1.0
394,114,394,393,-1,-1,421.4310344827586,205.82183908045977,17,56,3.985781028053977,174,high,1.0
395,115,395,742,396,-2,427.8974358974359,234.99358974358975,12,61,3.927574388908617,156,high,3.0
396,115,396,395,504,507,416.61538461538464,252.6043956043956,13,33,5.31625044973273,182,high,1.0
397,116,397,246,398,-2,366.1526104417671,301.7670682730924,13,7,4.8574351435122285,249,high,2.0
398,116,398,397,399,-2,356.2198275862069,318.125,14,91,2.9234127688717533,232,low,1.0
399,116,399,398,400,-2,356.2198275862069,318.125,15,91,3.202262581168831,232,low,1.0
400,116,400,399,903,904,347.6732673267327,318.5181518151815,16,87,3.6114507850241546,303,high,1.0
401,117,401,246,883,887,379.2191780821918,325.80365296803654,13,16,4.6933191370081015,219,high,2.0
402,118,402,283,403,-2,366.2590361445783,188.65060240963857,13,10,7.953717158390925,166,high,-5.0
403,118,403,402,404,-2,358.6714285714286,177.40357142857144,14,92,3.0705506371670084,280,low,-5.0
404,118,404,403,613,615,358.9384615384615,179.83692307692309,15,92,3.7909067514780403,325,high,-5.0
405,119,405,283,492,496,373.87044534412956,157.4251012145749,13,12,8.083584730792197,247,high,-5.0
406,120,406,754,407,-2,370.09448818897636,175.16535433070865,14,67,3.3235355176423726,127,low,2.0
407,120,407,406,408,-2,370.09448818897636,175.16535433070865,15,67,3.54412159166838,127,high,2.0
408,120,408,407,409,-2,364.10334970504925,175.43746264390217,16,113,4.067124861000228,206,high,2.0
409,120,409,408,-1,-1,358.1122112211221,175.7095709570957,17,21,4.2300798688616075,303,high,2.0
410,121,410,700,411,-2,391.6320346320346,145.96969696969697,13,21,5.730661277002937,231,high,2.0
411,121,411,410,412,-2,376.090243902439,129.25365853658536,14,94,2.1889100852587546,410,low,2.0
412,121,412,411,619,617,376.090243902439,129.25365853658536,15,94,3.372164895348515,410,low,2.0
413,122,413,347,414,-2,451.1690821256039,352.7342995169082,13,53,4.976452451763731,207,high,2.0
414,122,414,413,415,-2,444.1644204851752,368.1832884097035,14,42,1.3253594801831152,371,low,2.0
415,122,415,414,597,599,444.1644204851752,368.1832884097035,15,42,2.1180494708034834,371,low,2.0
416,123,416,347,417,-2,474.65060240963857,340.33734939759034,13,61,5.248200024563842,249,high,2.0
417,123,417,416,418,-2,483.64778325123154,358.23399014778323,14,56,1.9583231608072917,406,low,1.0
418,123,418,417,602,604,483.64778325123154,358.23399014778323,15,56,2.7389216768568843,406,low,1.0
419,124,419,226,420,-2,492.3645320197044,319.38916256157637,13,67,6.072127278645834,203,high,5.0
420,124,420,419,421,-2,501.5924369747899,327.76050420168065,14,59,4.1157173156738285,238,high,5.0
421,124,421,420,422,-2,501.5924369747899,327.76050420168065,15,59,3.2184947967529296,238,low,5.0
422,124,422,421,423,-2,504.47583643122675,331.7100371747212,16,51,3.0807948711791324,269,low,5.0
423,124,423,422,-1,-1,504.8220640569395,335.5480427046263,17,89,2.533508458088354,281,low,1.0
424,125,424,226,425,-2,493.64285714285717,294.2295918367347,13,68,5.7063265286959135,196,high,1.0
425,125,425,424,426,-2,514.2690763052209,299.69477911646584,14,85,2.9921332465277777,249,low,1.0
426,125,426,425,427,-2,514.2690763052209,299.69477911646584,15,85,3.198530032310957,249,low,1.0
427,125,427,426,646,647,520.9257950530035,302.7985865724382,16,84,3.2313964150168677,283,low,1.0
428,126,428,358,429,-2,359.39166666666665,252.825,14,7,3.4603843206091773,240,low,1.0
429,126,429,428,430,-2,359.39166666666665,252.825,15,7,3.3651447537579116,240,low,1.0
430,126,430,429,431,-2,350.275204359673,255.5449591280654,16,64,3.4625774992614233,367,low,1.0
431,126,431,430,-1,-1,334.34,274.435,17,12,3.070152888222346,200,low,1.0
432,127,432,61,484,488,369.0377358490566,227.62735849056602,13,11,5.626149352167694,212,high,2.0
433,128,433,754,434,-2,376.7732342007435,191.48327137546468,14,111,3.8285325792100693,269,high,2.0
434,128,434,433,435,-2,377.1149825783972,190.6411149825784,15,115,3.913091369948462,287,high,2.0
435,128,435,434,436,-2,368.0872483221477,197.81208053691276,16,114,3.560294257269965,149,high,2.0
436,128,436,435,-1,-1,361.4868421052632,203.28947368421052,17,25,3.234452917220745,152,low,2.0
437,129,437,342,438,-2,333.1029411764706,228.38725490196077,13,0,4.238635162809002,204,high,5.0
438,129,438,437,439,-2,321.42123287671234,220.8082191780822,14,1,3.63384033203125,292,high,1.0
439,129,439,438,440,-2,321.42123287671234,220.8082191780822,15,1,2.943215026855469,292,low,1.0
440,129,440,439,627,628,317.3270777479893,215.41554959785523,16,1,2.8577223193737886,373,low,1.0
441,130,441,342,462,466,343.33668341708545,250.59798994974875,13,1,5.50018115234375,199,high,1.0
442,131,442,287,824,828,415.0,143.44144144144144,13,30,10.79634547877956,222,high,3.0
443,132,443,287,528,524,443.5594713656388,152.06167400881057,13,47,6.903863400829081,227,high,3.0
444,133,444,123,445,-2,361.9099099099099,258.3783783783784,13,8,5.673732346754807,111,high,1.0
445,133,445,444,446,-2,343.3855421686747,288.1927710843373,14,90,3.1434992009943183,166,low,3.0
446,133,446,445,447,-2,343.6328125,290.5078125,15,118,3.726844581397804,128,high,3.0
447,133,447,446,448,-2,334.7142857142857,293.83251231527095,16,86,4.4378903296685985,203,high,3.0
448,133,448,447,-1,-1,324.408256880734,293.3715596330275,17,138,3.6540125920222355,218,high,3.0
449,134,449,117,450,-2,408.2919254658385,280.40372670807454,13,27,7.156848787006579,161,high,1.0
450,134,450,449,451,-2,413.09375,292.34375,14,29,3.657295949835526,288,high,1.0
451,134,451,450,452,-2,413.09375,292.34375,15,29,3.5073467053865133,288,high,1.0
452,134,452,451,763,633,407.47849462365593,297.4569892473118,16,22,3.3777672552293345,372,low,1.0
453,135,453,117,454,-2,397.1320754716981,289.0943396226415,13,83,2.708378383091518,53,low,3.0
454,135,454,453,455,-2,392.2910447761194,281.64925373134326,14,69,3.7691459147135418,134,high,3.0
455,135,455,454,456,-2,392.2910447761194,281.64925373134326,15,69,3.8950406901041665,134,high,3.0
456,135,456,455,457,-2,390.85483870967744,281.7258064516129,16,93,4.601577386623475,248,high,3.0
457,135,457,456,-1,-1,380.68152866242036,287.38216560509557,17,36,3.7687371764520203,157,high,1.0
458,136,458,987,459,814,398.7557003257329,189.7100977198697,13,24,5.4332440509888285,307,high,1.0
459,137,459,458,460,-2,395.65625,156.6328125,14,112,3.7501770729242367,256,high,1.0
460,137,460,459,461,-2,395.6205533596838,156.90513833992094,15,110,3.817456488073225,253,high,1.0
461,137,461,460,650,651,388.42598187311177,144.2235649546828,16,97,3.8792759874131946,331,high,2.0
462,138,462,441,463,-2,321.61267605633805,252.25704225352112,14,0,3.140337073284647,284,low,2.0
463,138,463,462,464,-2,321.61267605633805,252.25704225352112,15,0,2.91229944643767,284,low,2.0
464,138,464,463,465,-2,311.10526315789474,252.7017543859649,16,0,2.4923964587882095,342,low,1.0
465,138,465,464,-1,-1,300.97087378640776,259.13106796116506,17,137,2.3609216078272404,412,low,1.0
466,139,466,441,467,-2,343.48275862068965,267.679802955665,14,3,2.792051025390625,203,low,1.0
467,139,467,466,468,-2,343.48275862068965,267.679802955665,15,3,3.6485146484375,203,high,1.0
468,139,468,467,469,-2,326.93529411764706,274.6058823529412,16,85,4.212151281612435,170,high,2.0
469,139,469,468,-1,-1,318.0581395348837,271.2732558139535,17,6,3.436583401864035,172,low,2.0
470,140,470,345,471,-2,327.94153846153847,281.9753846153846,14,2,0.0,325,low,5.0
471,140,471,470,472,-2,327.94153846153847,281.9753846153846,15,2,2.818479512072257,325,low,5.0
472,140,472,471,639,640,313.58198614318707,283.635103926097,16,60,3.046449641591495,433,low,5.0
473,141,473,345,474,-2,342.9080459770115,315.7547892720307,14,4,2.176001412527902,261,low,5.0
474,141,474,473,475,-2,342.9080459770115,315.7547892720307,15,4,2.675348554338728,261,low,5.0
475,141,475,474,679,641,336.5107033639144,324.91743119266056,16,62,2.9436110365447274,327,low,5.0
476,142,476,243,477,-2,347.6650246305419,178.0886699507389,14,5,4.044712862522482,203,high,-5.0
477,142,477,476,478,-2,347.6650246305419,178.0886699507389,15,5,2.801742004833633,203,low,-5.0
478,142,478,477,479,-2,340.13666666666666,175.59,16,88,3.275781189866841,300,low,-5.0
479,142,479,478,-1,-1,330.0674846625767,165.19631901840492,17,11,3.07535106730911,326,low,-5.0
480,143,480,243,481,-2,351.4517766497462,153.18274111675126,14,6,1.218246340751648,197,low,-5.0
481,143,481,480,482,-2,351.4517766497462,153.18274111675126,15,6,2.780580520629883,197,low,-5.0
482,143,482,481,483,-2,345.62595419847327,143.12977099236642,16,5,2.6256661309136287,262,low,-5.0
483,143,483,482,-1,-1,334.4104046242775,127.10982658959537,17,104,2.4896897324570664,173,low,-5.0
484,144,484,432,485,-2,378.4837398373984,220.26829268292684,14,17,3.6361983449835527,246,high,1.0
485,144,485,484,486,-2,378.4837398373984,220.26829268292684,15,17,3.8137599655062133,246,high,3.0
486,144,486,485,487,-2,376.2361623616236,216.7859778597786,16,19,3.3088236813822753,271,low,3.0
487,144,487,486,-1,-1,368.61454545454546,219.14545454545456,17,28,3.365207321579392,275,low,3.0
488,145,488,432,489,-2,355.4779411764706,230.82720588235293,14,88,3.9771742546695403,272,high,3.0
489,145,489,488,490,-2,355.4779411764706,230.82720588235293,15,88,3.983161312410201,272,high,1.0
490,145,490,489,491,-2,344.9781659388646,239.37991266375545,16,121,3.6798267633142605,229,high,1.0
491,145,491,490,-1,-1,344.2783505154639,252.840206185567,17,15,3.2346830696895204,194,low,1.0
492,146,492,405,493,-2,363.4739583333333,130.78645833333334,14,10,0.2494842529296875,192,low,-5.0
493,146,493,492,494,-2,363.4739583333333,130.78645833333334,15,10,3.5256627400716147,192,high,-5.0
494,146,494,493,495,-2,357.6186440677966,122.58898305084746,16,10,2.989931006180613,236,low,-5.0
495,146,495,494,-1,-1,356.98342541436466,115.50828729281768,17,163,3.0744204313858696,181,low,-5.0
496,147,496,405,497,-2,367.0218579234973,156.18579234972677,14,11,4.692117418561663,183,high,1.0
497,147,497,496,498,-2,367.0218579234973,156.18579234972677,15,11,4.469486781529018,183,high,1.0
498,147,498,497,655,656,366.6677215189873,154.05379746835442,16,112,4.2559227920160065,316,high,1.0
499,148,499,894,500,-2,370.2931034482759,326.4310344827586,14,15,3.2515440244932434,232,low,3.0
500,148,500,499,501,-2,370.2931034482759,326.4310344827586,15,15,2.5625890783361487,232,low,3.0
501,148,501,500,642,755,360.8599348534202,327.42345276872965,16,65,3.131941731770833,307,low,4.0
502,149,502,894,503,-2,392.3484313806895,334.1691645562613,14,70,4.599347919437057,217,high,3.0
503,149,503,502,610,611,391.2073732718894,345.4884792626728,15,70,2.855010986328125,217,low,3.0
504,150,504,396,505,-2,402.85340314136124,260.7434554973822,14,25,4.289147333267632,191,high,1.0
505,150,505,504,506,-2,402.85340314136124,260.7434554973822,15,25,4.051907320635034,191,high,1.0
506,150,506,505,635,636,401.1184834123223,264.38862559241704,16,23,4.440538509871608,211,high,1.0
507,151,507,396,508,-2,428.70666666666665,260.6311111111111,14,99,3.7045331967422386,225,high,1.0
508,151,508,507,509,-2,428.70666666666665,260.6311111111111,15,99,3.458566304125817,225,low,1.0
509,151,509,508,510,-2,432.4962121212121,258.7310606060606,16,122,3.4254055133444727,264,low,1.0
510,151,510,509,-1,-1,424.4869565217391,256.5826086956522,17,169,3.3403238386115772,230,low,1.0
511,152,511,954,-1,-1,407.5,136.6315789473684,17,48,4.331448993985615,190,high,4.0
512,153,512,728,513,-2,439.1543577252992,154.91269194112039,14,47,3.96632804451408,266,high,4.0
513,153,513,512,514,-2,449.78195488721803,150.03383458646616,15,47,3.430491017771291,266,low,4.0
514,153,514,513,515,-2,458.83274021352315,142.75800711743773,16,41,3.247390828668115,281,low,4.0
515,153,515,514,-1,-1,457.8515151515152,135.56363636363636,17,121,3.547559980912642,330,high,4.0
516,154,516,297,517,-2,420.1121495327103,365.5514018691589,14,32,1.7758237566266741,214,low,3.0
517,154,517,516,518,-2,420.1121495327103,365.5514018691589,15,32,3.014892578125,214,low,3.0
518,154,518,517,519,-2,419.4340425531915,372.1489361702128,16,28,2.97560089709712,235,low,3.0
519,154,519,518,-1,-1,413.5176470588235,381.9294117647059,17,149,3.0087239583333334,255,low,3.0
520,155,520,297,521,-2,445.9574468085106,353.92765957446807,14,46,2.8466170772429433,235,low,1.0
521,155,521,520,522,-2,445.9574468085106,353.92765957446807,15,46,3.4181388608870966,235,low,1.0
522,155,522,521,523,-2,448.22137404580155,358.8854961832061,16,39,3.5037812382341866,262,high,1.0
523,155,523,522,-1,-1,447.7842465753425,370.6986301369863,17,71,3.2468443525598403,292,low,1.0
524,156,524,443,525,-2,443.1020408163265,137.0204081632653,14,45,2.757165851015033,196,low,3.0
525,156,525,524,526,-2,443.1020408163265,137.0204081632653,15,45,3.7689190488873106,196,high,3.0
526,156,526,525,527,-2,445.4406130268199,129.77394636015325,16,37,3.842679692895373,261,high,3.0
527,156,527,526,-1,-1,441.66457680250784,123.36363636363636,17,63,3.526374544416155,319,high,3.0
528,157,528,443,529,-2,455.39217587420694,147.21504753072108,14,53,2.1957214800980838,209,low,3.0
529,157,529,528,530,-2,467.2248803827751,142.3684210526316,15,53,3.567681305599909,209,high,3.0
530,157,530,529,531,-2,476.50373134328356,136.41044776119404,16,46,4.010102525269244,268,high,3.0
531,157,531,530,-1,-1,478.8618618618619,130.39339339339338,17,79,3.3736887195883276,333,low,3.0
532,158,532,992,533,-2,449.74619289340103,212.38071065989848,14,77,4.9895654693851625,197,high,1.0
533,158,533,532,534,-2,449.74619289340103,212.38071065989848,15,77,4.410245073520072,197,high,1.0
534,158,534,533,535,-2,445.327731092437,202.109243697479,16,135,4.33648036903059,119,high,1.0
535,158,535,534,-1,-1,439.4263157894737,196.20526315789473,17,67,4.0518544514973955,190,high,1.0
536,159,536,992,537,-2,460.3228346456693,225.68503937007873,14,78,3.628458513532366,127,high,1.0
537,159,537,536,538,-2,460.3228346456693,225.68503937007873,15,78,4.119533865792411,127,high,1.0
538,159,538,537,539,-2,456.77358490566036,219.625786163522,16,102,4.53011229327906,318,high,1.0
539,159,539,538,-1,-1,451.41114058355436,216.6870026525199,17,72,4.329231835165514,377,high,1.0
540,160,540,366,541,-2,432.61574074074076,225.71759259259258,14,40,4.100454670109161,216,high,2.0
541,160,541,540,542,-2,432.61574074074076,225.71759259259258,15,40,3.8371636377622003,216,high,2.0
542,160,542,541,543,-2,434.36785714285713,221.3,16,75,3.956762956425468,280,high,2.0
543,160,543,542,-1,-1,428.02272727272725,217.88636363636363,17,59,3.4805986958165325,264,high,2.0
544,161,544,366,545,-2,454.85945945945946,235.63243243243244,14,49,3.3488774660254728,185,low,2.0
545,161,545,544,546,-2,454.85945945945946,235.63243243243244,15,49,3.6145663221343223,185,high,2.0
546,161,546,545,547,-2,453.17127071823205,235.85082872928177,16,138,3.5449637136151715,181,high,2.0
547,161,547,546,-1,-1,460.0239726027397,248.08561643835617,17,76,3.6218489043566646,292,high,2.0
548,162,548,706,549,-2,459.0490566037736,174.6754716981132,14,51,3.9718103823454483,265,high,6.0
549,162,549,548,550,-2,459.0490566037736,174.6754716981132,15,51,3.7984333867612095,265,high,6.0
550,162,550,549,785,645,464.06779661016947,171.56610169491526,16,80,3.9694787039974617,295,high,6.0
551,163,551,706,552,-2,460.4561403508772,204.48245614035088,14,52,3.8662238088594814,228,high,6.0
552,163,552,551,553,-2,460.4561403508772,204.48245614035088,15,52,4.350214744100765,228,high,6.0
553,163,553,552,554,-2,458.8242677824268,200.6192468619247,16,43,4.548437579784518,239,high,6.0
554,163,554,553,-1,-1,459.3246753246753,201.7056277056277,17,170,4.073459011691433,231,high,6.0
555,164,555,270,556,-2,484.92934782608694,309.9347826086956,14,81,2.816302163260324,184,low,4.0
556,164,556,555,557,-2,485.2198275862069,307.74568965517244,15,81,3.5010539310079225,232,high,4.0
557,164,557,556,558,-2,485.77251184834125,310.8909952606635,16,117,4.669033789819525,211,high,4.0
558,164,558,557,-1,-1,494.47058823529414,304.5764705882353,17,157,3.622568667513653,177,high,4.0
559,165,559,805,560,-2,480.9811320754717,260.2830188679245,14,80,3.7665283203125,159,high,2.0
560,165,560,559,561,-2,480.9811320754717,260.2830188679245,15,80,3.8130909639246324,159,high,2.0
561,165,561,560,562,-2,485.7544642857143,256.79910714285717,16,82,3.415282968374399,224,low,2.0
562,165,562,561,-1,-1,491.3291536050157,255.3573667711599,17,130,3.8874276968149037,319,high,2.0
563,166,563,805,564,-2,469.5968253968254,262.8888888888889,14,102,3.774507550495427,315,high,2.0
564,166,564,563,565,-2,469.5968253968254,262.8888888888889,15,102,3.261825635956555,315,low,2.0
565,166,565,564,659,660,475.4106145251397,262.83519553072625,16,126,3.167774889437638,358,low,2.0
566,167,566,350,567,-2,503.13023255813954,299.3813953488372,14,60,3.3551675547724185,215,low,2.0
567,167,567,566,568,-2,503.13023255813954,299.3813953488372,15,60,4.055675561877265,215,high,2.0
568,167,568,567,569,-2,510.06756756756755,300.42792792792795,16,110,4.432216590558979,222,high,2.0
569,167,569,568,-1,-1,503.4235294117647,312.2196078431373,17,134,3.94102783203125,255,high,2.0
570,168,570,270,571,-2,491.3907284768212,293.7682119205298,14,115,3.5818820910507374,151,high,4.0
571,168,571,570,572,-2,492.646017699115,292.1061946902655,15,117,3.1816448343211206,113,low,4.0
572,168,572,571,573,-2,499.7787610619469,294.2566371681416,16,116,3.588688834768827,113,high,4.0
573,168,573,572,-1,-1,501.44805194805195,295.64935064935065,17,177,3.9588568183813204,154,high,4.0
574,169,574,139,575,-2,382.5388601036269,243.24352331606218,14,16,4.114244910759655,193,high,2.0
575,169,575,574,576,-2,382.5388601036269,243.24352331606218,15,16,3.8362600435086383,193,high,2.0
576,169,576,575,577,-2,376.1272727272727,240.23636363636365,16,15,4.15836515358026,220,high,2.0
577,169,577,576,-1,-1,363.3195020746888,243.73858921161826,17,23,3.4335618361928106,241,low,2.0
578,170,578,358,579,-2,388.94306049822063,263.0818505338078,14,68,3.952038133000753,281,high,1.0
579,170,579,578,580,-2,388.94306049822063,263.0818505338078,15,68,3.5802009306758285,281,high,1.0
580,170,580,579,790,247,380.5133333333333,260.2633333333333,16,16,3.485389468544408,300,high,1.0
581,171,581,139,582,-2,366.4736842105263,232.05789473684212,14,12,5.0886068036479335,190,high,2.0
582,171,582,581,583,-2,366.4736842105263,232.05789473684212,15,12,3.9214607977098033,190,high,2.0
583,171,583,582,584,-2,360.5724381625442,225.38515901060072,16,120,3.53227916738605,283,high,2.0
584,171,584,583,-1,-1,347.00281690140844,231.72112676056338,17,107,3.187339480227836,355,low,2.0
585,172,585,215,586,-2,491.3848920863309,180.65827338129498,14,84,1.9975772877638254,278,low,1.0
586,172,586,585,587,-2,491.3848920863309,180.65827338129498,15,84,3.2126531950466295,278,low,1.0
587,172,587,586,588,-2,497.7206896551724,169.83448275862068,16,131,3.7568340594951923,290,high,1.0
588,172,588,587,-1,-1,495.62784090909093,169.375,17,131,3.8598548626077585,352,high,1.0
589,173,589,716,590,-2,377.87931034482756,338.91379310344826,16,17,3.421693390490962,174,low,2.0
590,173,590,589,-1,-1,376.0257731958763,342.8453608247423,17,33,2.4957987467447915,194,low,3.0
591,174,591,716,592,-2,367.71148459383755,308.08683473389357,16,12,3.4414796375093006,357,low,2.0
592,174,592,591,-1,-1,355.910447761194,317.12935323383084,17,143,2.9086477179276318,402,low,3.0
593,175,593,294,594,-2,408.5388888888889,363.6722222222222,16,27,3.258321480129076,180,low,2.0
594,175,594,593,-1,-1,408.39303482587064,371.11442786069654,17,47,3.0210483074188232,201,low,2.0
595,176,595,294,596,-2,430.728813559322,356.84180790960454,16,34,3.5096761952275815,177,high,2.0
596,176,596,595,-1,-1,431.00564971751413,366.954802259887,17,150,4.627304475203804,177,high,2.0
597,177,597,415,598,-2,428.1822222222222,381.5466666666667,16,32,2.079427498538478,225,low,3.0
598,177,598,597,-1,-1,418.41883116883116,392.5844155844156,17,52,2.6692584111140323,308,low,3.0
599,178,599,415,600,-2,452.7424892703863,371.54935622317595,16,42,2.4561944040311436,233,low,1.0
600,178,600,599,-1,-1,449.112540192926,385.10289389067526,17,120,2.518809313651843,311,low,1.0
601,179,601,780,-1,-1,432.12554112554113,141.6060606060606,17,117,4.100279925620719,231,high,4.0
602,180,602,418,603,-2,470.212,372.856,16,45,2.638537815638951,250,low,1.0
603,180,603,602,-1,-1,466.2260273972603,386.986301369863,17,77,2.3555680091934974,292,low,1.0
604,181,604,418,605,-2,496.2926829268293,358.45993031358887,16,49,2.2650659371420976,287,low,2.0
605,181,605,604,-1,-1,499.2211055276382,368.00251256281405,17,88,2.110966468924907,398,low,2.0
606,182,606,233,607,-2,531.1456692913385,305.68110236220474,16,58,3.188079107375372,254,low,1.0
607,182,607,606,-1,-1,533.0565476190476,312.48511904761904,17,100,2.6762775621916117,336,low,5.0
608,183,608,233,609,-2,541.0164609053498,276.32510288065845,16,59,3.120190922517954,243,low,5.0
609,183,609,608,-1,-1,542.616724738676,278.5993031358885,17,102,3.2065848305587368,287,low,5.0
610,184,610,503,864,865,386.5903614457831,353.90763052208837,16,66,3.230864902712264,249,low,4.0
611,185,611,503,612,-2,392.73900293255133,337.9442815249267,16,91,2.8747225924655124,341,low,1.0
612,185,612,611,-1,-1,396.02553191489363,351.34468085106386,17,44,3.3750654233047386,235,low,1.0
613,186,613,404,614,-2,354.41269841269843,184.11111111111111,16,8,3.2752639385832456,189,low,-5.0
614,186,614,613,-1,-1,349.15695067264573,186.84304932735427,17,19,3.696330858313519,223,high,-5.0
615,187,615,404,616,-2,352.24087591240874,162.67883211678833,16,90,4.037920323813834,137,high,1.0
616,187,616,615,-1,-1,342.96946564885496,163.48091603053436,17,16,3.8253834398486948,131,high,1.0
617,188,617,412,618,-2,367.27830188679246,131.38679245283018,16,13,3.6398860850232713,212,high,2.0
618,188,618,617,-1,-1,346.80924855491327,118.26589595375722,17,164,3.3974048581897702,346,low,2.0
619,189,619,412,620,-2,376.44943820224717,103.33707865168539,16,14,3.2575369698660714,267,low,2.0
620,189,620,619,-1,-1,366.14506172839504,87.71296296296296,17,22,2.9684705689055093,324,low,2.0
621,190,621,340,622,-2,492.31597222222223,285.15625,16,48,2.98546666684358,288,low,3.0
622,190,622,621,-1,-1,490.81767955801104,290.91160220994476,17,86,3.26009284125434,181,low,3.0
623,191,623,340,624,-2,520.7706766917294,278.5601503759398,16,111,3.16320870936602,266,low,3.0
624,191,624,623,-1,-1,518.8863636363636,293.83522727272725,17,136,2.6749195445667615,176,low,3.0
625,192,625,963,626,-2,516.9290780141844,264.0921985815603,16,54,4.423137709673713,141,high,3.0
626,192,626,625,-1,-1,511.6666666666667,280.5771144278607,17,90,3.3014982983582,201,low,3.0
627,193,627,440,-1,-1,304.3497757847534,227.91479820627802,17,1,2.7794250897913173,223,low,1.0
628,194,628,440,-1,-1,311.6014760147601,197.91143911439116,17,2,2.748721652560764,271,low,1.0
629,195,629,972,-1,-1,316.7219730941704,163.45291479820628,17,4,2.843552967045931,223,low,3.0
630,196,630,972,-1,-1,329.7890625,187.33203125,17,9,3.437710914386095,256,low,3.0
631,197,631,254,-1,-1,374.9423076923077,306.5269230769231,17,32,3.413178943452381,260,low,1.0
632,198,632,254,-1,-1,405.26331360946745,320.301775147929,17,111,4.474009999057703,338,high,1.0
633,199,633,452,-1,-1,411.092,296.624,17,49,3.1610099978563264,250,low,1.0
634,200,634,379,-1,-1,410.2589928057554,309.0575539568345,17,113,3.820630587064303,139,high,4.0
635,201,635,506,-1,-1,399.7032520325203,268.3373983739837,17,43,4.135463000882057,246,high,1.0
636,202,636,506,-1,-1,412.819587628866,262.8144329896907,17,53,3.281097675191945,194,low,1.0
637,203,637,985,-1,-1,432.4259259259259,181.5185185185185,17,61,3.4831113953521284,216,high,1.0
638,204,638,388,-1,-1,525.4072164948453,206.80927835051546,17,97,3.5413918374967173,194,high,1.0
639,205,639,472,-1,-1,295.90410958904107,279.35616438356163,17,0,2.880921014464728,292,low,6.0
640,206,640,472,-1,-1,311.0826771653543,302.8976377952756,17,3,2.2509026688136413,254,low,1.0
641,207,641,475,-1,-1,320.0230414746544,342.6728110599078,17,7,2.788913370768229,217,low,6.0
642,208,642,501,-1,-1,347.8781725888325,348.0761421319797,17,18,3.3150117732276603,197,low,5.0
643,209,643,954,-1,-1,423.1575757575758,151.64848484848486,17,60,4.086197047557645,165,high,4.0
644,210,644,985,-1,-1,448.37696335078533,162.93193717277487,17,74,3.4190358563888172,191,low,1.0
645,211,645,550,-1,-1,461.0,182.6782608695652,17,171,3.300989423479353,115,low,6.0
646,212,646,427,-1,-1,517.3333333333334,325.3872549019608,17,135,3.518922244801241,204,high,1.0
647,213,647,427,-1,-1,523.6204379562043,304.2992700729927,17,168,4.630788803100586,137,high,1.0
648,214,648,193,-1,-1,399.6338797814208,289.0109289617486,17,46,3.284411090353261,183,low,2.0
649,215,649,193,-1,-1,422.0561224489796,279.2295918367347,17,58,3.7676939964294434,196,high,2.0
650,216,650,461,-1,-1,364.5990783410138,134.073732718894,17,26,3.8392411901595747,217,high,2.0
651,217,651,461,-1,-1,378.55,119.05909090909091,17,109,3.613966658308699,220,high,2.0
652,218,652,870,-1,-1,418.91517857142856,242.79464285714286,17,116,4.291486214900362,224,high,3.0
653,219,653,813,-1,-1,484.3380281690141,220.3943661971831,17,127,3.891222372822378,142,high,1.0
654,220,654,915,-1,-1,528.1056603773585,250.81509433962265,17,96,3.524429221558415,265,high,1.0
655,221,655,498,-1,-1,368.47983870967744,154.01209677419354,17,30,3.9235527314335465,248,high,1.0
656,222,656,498,-1,-1,350.44621513944224,147.28685258964143,17,142,4.514319378396739,251,high,1.0
657,223,657,765,-1,-1,458.9707317073171,275.09268292682924,17,123,3.7063773995015157,205,high,2.0
658,224,658,765,-1,-1,459.11504424778764,259.5575221238938,17,124,4.172517447636046,113,high,2.0
659,225,659,565,-1,-1,477.8918918918919,287.7072072072072,17,81,3.7553600366564766,222,high,2.0
660,226,660,565,-1,-1,486.2863070539419,266.32365145228215,17,83,3.352886225553167,241,low,2.0
661,227,661,103,662,-2,426.64666666666665,284.11333333333334,7,25,3.297037124633789,150,low,2.0
662,227,662,661,663,-2,426.6551724137931,290.2715517241379,8,15,3.3301504034745064,232,low,1.0
663,227,663,662,664,-2,427.53472222222223,294.81597222222223,9,39,2.5135980689007305,288,low,1.0
664,227,664,663,743,717,427.14285714285717,294.7505330490405,10,49,3.93602979893221,469,high,1.0
665,228,665,677,666,-2,416.078431372549,237.02941176470588,12,69,3.7329127971942606,102,high,2.0
666,228,666,665,868,905,410.56382978723406,229.23936170212767,13,32,5.673550197056362,188,high,2.0
667,229,667,47,668,-2,459.64772727272725,269.5511363636364,6,15,3.6965491492469034,176,high,1.0
668,229,668,667,173,175,460.77272727272725,270.6193181818182,7,17,3.4399918989701703,176,low,1.0
669,230,669,103,670,-2,425.23741007194246,264.7841726618705,7,22,3.6151715014354293,139,high,2.0
670,230,670,669,671,-2,431.868778280543,267.3981900452489,8,18,3.6624350351830053,221,high,2.0
671,230,671,670,672,-2,430.44700460829495,262.8847926267281,9,42,3.0527484600360575,217,low,2.0
672,230,672,671,673,-2,431.0311111111111,250.0,10,27,4.910600876966059,225,high,2.0
673,230,673,672,369,818,432.86756756756756,264.6972972972973,11,52,3.7795428651751894,370,high,1.0
674,231,674,96,675,-2,425.65625,240.425,8,16,3.40697021484375,160,low,1.0
675,231,675,674,676,-2,423.38829787234044,237.89361702127658,9,40,3.4884318033854167,188,high,1.0
676,231,676,675,677,-2,414.73441108545035,240.6581986143187,10,48,4.031242989205025,433,high,1.0
677,231,677,676,665,957,411.464,230.668,11,43,3.7290006725993377,250,high,2.0
678,232,678,388,-1,-1,538.0747663551402,228.2803738317757,17,101,3.478971338983792,214,high,5.0
679,233,679,475,-1,-1,322.2303664921466,315.1675392670157,17,8,3.1312762883704477,191,low,1.0
680,234,680,133,681,-2,377.8587570621469,208.4180790960452,10,6,4.427206105199353,177,high,1.0
681,234,681,680,682,-2,375.8095238095238,203.05291005291005,11,6,3.026980817810563,189,low,1.0
682,234,682,681,683,-2,376.68825910931173,207.73684210526315,12,36,4.030274953901397,247,high,1.0
683,234,683,682,684,-2,371.8347107438017,205.61157024793388,13,14,10.556715414557658,121,high,1.0
684,234,684,683,685,-2,365.3207547169811,204.35849056603774,14,120,3.465624281939338,159,low,1.0
685,234,685,684,686,-2,366.48,206.696,15,113,3.700161356321523,125,high,1.0
686,234,686,685,687,-2,351.05232558139534,200.47674418604652,16,89,3.1334369860197366,172,low,1.0
687,234,687,686,-1,-1,344.5732484076433,206.89808917197453,17,141,3.2257342529296875,157,low,1.0
688,235,688,751,689,-2,403.91902834008096,247.3846153846154,14,24,3.984298507888596,247,high,1.0
689,235,689,688,690,-2,403.91902834008096,247.3846153846154,15,24,3.5261721920657467,247,high,1.0
690,235,690,689,691,-2,405.9172185430464,254.55298013245033,16,69,3.4971642619028143,302,high,1.0
691,235,691,690,-1,-1,388.6470588235294,250.6764705882353,17,38,3.4271557331085205,204,low,1.0
692,236,692,123,693,-2,356.8884758364312,234.635687732342,13,6,5.369419927182405,269,high,3.0
693,236,693,692,694,-2,350.79596205614666,231.9971542109986,14,87,3.5304885864257813,406,high,3.0
694,236,694,693,695,-2,344.70344827586206,229.35862068965517,15,87,3.7874674192616635,215,high,3.0
695,236,695,694,696,-2,335.663754213119,242.26577651024112,16,128,3.781929851448449,214,high,3.0
696,236,696,695,-1,-1,326.62406015037595,255.17293233082708,17,10,4.022596232096354,266,high,3.0
697,237,697,140,698,-2,395.94642857142856,187.05357142857142,9,28,2.95264539531633,168,low,1.0
698,237,698,697,699,-2,392.00995024875624,176.9452736318408,10,9,5.719722304233285,201,high,2.0
699,237,699,698,700,-2,391.53784860557766,166.0398406374502,11,8,4.1112849537919205,251,high,2.0
700,237,700,699,410,744,389.90384615384613,159.72115384615384,12,4,3.0333750259473127,312,low,2.0
701,238,701,72,702,-2,420.3243243243243,263.02027027027026,8,36,3.7021779263957164,148,high,2.0
702,238,702,701,703,-2,417.0682492581602,259.60237388724033,9,38,3.45492919921875,337,low,3.0
703,238,703,702,704,-2,435.34031413612564,274.434554973822,10,29,4.6303430372668855,191,high,3.0
704,238,704,703,375,850,419.9447004608295,256.1336405529954,11,44,4.357533772786458,217,high,3.0
705,239,705,206,706,-2,454.0245901639344,202.95901639344262,12,73,3.5471701786435883,122,high,6.0
706,239,706,705,548,551,452.46774193548384,199.7516129032258,13,52,6.652720769246419,310,high,6.0
707,240,707,915,-1,-1,507.9205298013245,220.52980132450332,17,91,4.472110441361351,151,high,1.0
708,241,708,41,709,-2,419.2294117647059,300.51176470588234,7,26,2.5126970399100825,170,low,2.0
709,241,709,708,710,-2,419.5079365079365,306.2063492063492,8,13,2.463911599260036,189,low,1.0
710,241,710,709,711,-2,418.6237623762376,306.31188118811883,9,9,2.948359251022339,202,low,1.0
711,241,711,710,712,-2,418.5311004784689,308.933014354067,10,21,3.3193333352258962,209,low,1.0
712,241,712,711,713,-2,419.33720930232556,311.59302325581393,11,12,1.8534735043843586,172,low,1.0
713,241,713,712,714,-2,406.3478260869565,314.9525691699605,12,49,2.478392772185497,253,low,1.0
714,241,714,713,715,-2,390.5245901639344,299.78688524590166,13,22,8.408778086429885,183,high,2.0
715,241,715,714,716,-2,377.2849740932642,313.6295336787565,14,93,3.611966796875,386,high,2.0
716,241,716,715,589,591,377.2849740932642,313.6295336787565,15,93,3.697819580078125,386,high,2.0
717,242,717,664,718,-2,428.43636363636364,305.43636363636364,11,27,2.7432699764476105,275,low,2.0
718,242,718,717,719,-2,422.2048192771084,320.2951807228916,12,11,1.3178224766508062,166,low,2.0
719,242,719,718,720,-2,416.8348623853211,330.2110091743119,13,36,11.995445005355343,109,high,2.0
720,242,720,719,721,-2,410.68560606060606,335.9848484848485,14,73,3.460336685180664,264,low,2.0
721,242,721,720,722,-2,410.68560606060606,335.9848484848485,15,73,3.749928665161133,264,high,2.0
722,242,722,721,723,-2,417.16923076923075,349.7153846153846,16,92,4.0295904618275316,130,high,2.0
723,242,723,722,-1,-1,419.0964912280702,358.44736842105266,17,115,3.5919813889723557,114,high,2.0
724,243,724,266,962,964,483.78507462686565,252.01492537313433,13,64,5.390030114359446,335,high,1.0
725,244,725,315,-1,-1,476.1373134328358,161.73432835820896,17,129,3.760489569769965,335,high,4.0
726,245,726,315,-1,-1,469.13385826771656,194.25984251968504,17,80,4.606019611600079,127,high,4.0
727,246,727,85,728,-2,426.09737827715355,165.71161048689137,12,9,3.4400634765625,267,low,4.0
728,246,728,727,512,778,428.52676056338026,159.79154929577464,13,35,5.89635166785529,355,high,4.0
729,247,729,105,730,-2,442.37894736842105,290.7526315789474,8,22,2.9013314974510065,190,low,1.0
730,247,730,729,731,-2,440.65748031496065,295.0748031496063,9,12,2.8944437792346736,254,low,1.0
731,247,731,730,732,-2,446.367816091954,312.9425287356322,10,32,3.5395850771949404,174,high,1.0
732,247,732,731,733,359,447.11715481171547,313.89121338912133,11,29,2.771820068359375,239,low,1.0
733,248,733,732,734,-2,454.3873873873874,324.8018018018018,12,18,3.5346567254317436,111,high,1.0
734,248,734,733,735,-2,458.5108695652174,331.35869565217394,13,86,12.592593106356533,92,high,1.0
735,248,735,734,736,-2,466.2413793103448,350.9655172413793,14,122,4.032419840494792,87,high,1.0
736,248,736,735,737,-2,466.2413793103448,350.9655172413793,15,122,4.017559814453125,87,high,1.0
737,248,737,736,738,-2,468.7910447761194,358.0149253731343,16,137,3.1733522415161133,67,low,2.0
738,248,738,737,-1,-1,470.2957746478873,365.07042253521126,17,176,2.5633885310246396,142,low,2.0
739,249,739,72,740,-2,414.1440329218107,242.39506172839506,8,35,2.800954936463156,243,low,2.0
740,249,740,739,741,-2,412.1698113207547,234.69811320754718,9,43,1.65400877453032,53,low,3.0
741,249,741,740,742,-2,421.91525423728814,228.65254237288136,10,25,6.004797894021739,118,high,3.0
742,249,742,741,389,395,423.65625,228.78515625,11,60,4.1352085020484,256,high,3.0
743,250,743,664,854,279,429.9576923076923,288.08846153846156,11,36,3.381991874880907,260,low,2.0
744,251,744,700,745,-2,380.19831223628694,173.40084388185653,13,17,5.28211197391633,237,high,2.0
745,251,745,744,746,-2,383.6649214659686,168.12565445026178,14,110,3.6386120413232037,191,high,2.0
746,251,746,745,747,-2,383.757225433526,167.20809248554914,15,114,3.874280963027686,173,high,2.0
747,251,747,746,748,-2,375.6559633027523,179.72935779816513,16,115,3.8832504030257935,218,high,2.0
748,251,748,747,-1,-1,371.65833333333336,184.94166666666666,17,34,4.058747632575757,240,high,2.0
749,252,749,184,750,-2,397.95454545454544,217.4227272727273,11,46,3.501611546107701,220,high,1.0
750,252,750,749,751,-2,401.4552845528455,227.82926829268294,12,60,3.4376458062065973,123,low,1.0
751,252,751,750,688,871,398.01831501831504,225.75091575091574,13,75,6.282480093149038,273,high,1.0
752,253,752,184,753,-2,387.7864583333333,193.40625,11,33,3.3517115275065104,192,low,2.0
753,253,753,752,754,-2,388.7524429967427,202.06514657980455,12,59,3.4378268902118387,307,low,2.0
754,253,754,753,433,406,384.0785498489426,207.93353474320242,13,74,7.036059909396702,331,high,2.0
755,254,755,501,-1,-1,344.18817204301075,322.6559139784946,17,17,2.8023128003145743,186,low,5.0
756,255,756,61,757,-2,357.31336405529953,203.99078341013825,13,4,4.289608697821624,217,high,1.0
757,255,757,756,866,971,342.6024844720497,194.9089026915114,14,86,2.461378204156153,483,low,2.0
758,256,758,257,759,-2,380.1732673267327,264.41089108910893,13,15,5.275398023200758,202,high,3.0
759,256,759,758,760,-2,357.8208333333333,275.3958333333333,14,119,4.0029440933132765,240,high,3.0
760,256,760,759,761,-2,356.09191176470586,275.89338235294116,15,90,3.9300620490736,272,high,3.0
761,256,761,760,762,-2,349.40942028985506,275.82971014492756,16,4,3.968538252335021,276,high,3.0
762,256,762,761,-1,-1,347.49781659388645,279.1572052401747,17,106,3.6624257262323945,229,high,3.0
763,257,763,452,-1,-1,387.07575757575756,310.32323232323233,17,146,2.933458564695248,198,low,1.0
764,258,764,379,-1,-1,431.8965517241379,298.8735632183908,17,62,3.645048595610119,174,high,4.0
765,259,765,769,657,658,459.7103448275862,261.1448275862069,16,125,4.896571678451345,145,high,2.0
766,260,766,102,767,-2,437.8618421052632,252.2565789473684,12,67,3.548560460408529,152,high,2.0
767,260,767,766,768,-2,445.37426900584796,245.15204678362574,13,50,5.19696533203125,171,high,2.0
768,260,768,767,769,-2,450.6589861751152,259.963133640553,14,100,3.6855760362413195,217,high,2.0
769,260,769,768,288,765,450.6589861751152,259.963133640553,15,100,4.075868507667824,217,high,2.0
770,261,770,102,771,-2,439.2761194029851,232.84328358208955,12,71,4.0181036614752434,134,high,1.0
771,261,771,770,772,-2,425.42783505154637,230.39175257731958,13,39,5.0654971215032765,194,high,1.0
772,261,772,771,773,-2,413.6622950819672,218.98688524590165,14,31,4.235052172041617,305,high,1.0
773,261,773,772,1014,1016,413.6622950819672,218.98688524590165,15,31,3.408633553021327,305,low,1.0
774,262,774,987,775,-2,404.285,160.335,13,26,7.255664532001202,200,high,2.0
775,262,775,774,776,-2,393.9901960784314,126.54411764705883,14,95,4.30142043706939,204,high,2.0
776,262,776,775,777,-2,393.74226804123714,126.00515463917526,15,95,3.319413757324219,194,low,2.0
777,262,777,776,1004,1005,393.0509090909091,120.0109090909091,16,98,3.129804880605579,275,low,2.0
778,263,778,728,779,-2,418.2841328413284,138.51660516605165,14,30,3.8838825783534356,271,high,4.0
779,263,779,778,780,-2,418.2841328413284,138.51660516605165,15,30,3.213434944375914,271,low,4.0
780,263,780,779,601,959,423.6666666666667,138.42367601246107,16,29,3.469272057986954,321,low,4.0
781,264,781,979,782,-2,421.3224043715847,180.92349726775956,14,36,4.04852294921875,183,high,4.0
782,264,782,781,783,-2,421.3224043715847,180.92349726775956,15,36,4.170976216814159,183,high,4.0
783,264,783,782,784,-2,417.5267175572519,164.706106870229,16,74,4.236862275094697,262,high,4.0
784,264,784,783,-1,-1,415.5416666666667,160.58333333333334,17,160,3.9956265153556036,288,high,5.0
785,265,785,550,-1,-1,461.51851851851853,167.32275132275132,17,153,4.312960283471904,189,high,6.0
786,266,786,215,787,-2,484.6373056994819,213.30051813471502,14,58,2.691982114218115,193,low,1.0
787,266,787,786,788,-2,484.6373056994819,213.30051813471502,15,58,3.1823333492123984,193,low,1.0
788,266,788,787,789,-2,487.35483870967744,203.06048387096774,16,106,3.8279396199291535,248,high,1.0
789,266,789,788,-1,-1,487.9072847682119,199.6225165562914,17,87,3.600451123583448,151,high,1.0
790,267,790,580,-1,-1,387.35714285714283,275.3529411764706,17,110,3.2422344501201925,238,low,1.0
791,268,791,181,792,-2,382.56190476190477,274.65714285714284,10,7,3.5921036691376655,210,high,1.0
792,268,792,791,793,-2,380.9512195121951,273.8780487804878,11,7,2.863512729076629,164,low,1.0
793,268,793,792,794,-2,371.94805194805195,278.45454545454544,12,2,2.9074940400965072,154,low,1.0
794,268,794,793,795,-2,368.30386740331494,277.49723756906076,13,9,5.512198008661684,181,high,1.0
795,268,795,794,796,-2,374.8076923076923,266.15811965811963,14,13,3.727546218345905,234,high,1.0
796,268,796,795,797,-2,374.8076923076923,266.15811965811963,15,13,4.793415779903017,234,high,1.0
797,268,797,796,798,-2,369.247619047619,264.9761904761905,16,11,3.747251416816086,210,high,1.0
798,268,798,797,-1,-1,357.9945054945055,267.53846153846155,17,108,4.453200319980053,182,high,1.0
799,269,799,327,-1,-1,514.0080971659919,169.65991902834008,17,93,3.6570379083806817,247,high,3.0
800,270,800,327,-1,-1,528.0932203389831,192.27118644067798,17,98,3.6114173302283654,236,high,3.0
801,271,801,266,802,-2,492.6736842105263,222.3578947368421,13,80,6.548083035451062,95,high,4.0
802,271,802,801,803,-2,494.86486486486484,214.5855855855856,14,107,3.6012842351740058,333,high,4.0
803,271,803,802,804,-2,494.86486486486484,214.5855855855856,15,107,4.064239501953125,333,high,4.0
804,271,804,803,960,961,497.60526315789474,208.3578947368421,16,108,3.539611328125,380,high,1.0
805,272,805,302,559,563,472.6307189542484,250.13071895424838,13,63,7.078031099759615,306,high,2.0
806,273,806,130,807,-2,446.8,234.87058823529412,9,13,3.4550124834168634,170,low,2.0
807,273,807,806,808,-2,447.88079470198676,233.11920529801324,10,34,5.989116075303819,151,high,1.0
808,273,808,807,809,-2,460.0774193548387,237.76129032258063,11,41,3.340451327237216,155,low,3.0
809,273,809,808,810,-2,466.6293706293706,235.78321678321677,12,45,3.7716427364864864,143,high,1.0
810,273,810,809,811,-2,466.8207547169811,228.25471698113208,13,79,5.475445162865423,106,high,1.0
811,273,811,810,812,-2,474.64285714285717,238.15714285714284,14,55,3.731176478262166,210,high,1.0
812,273,812,811,813,-2,474.64285714285717,238.15714285714284,15,55,3.6122347999165076,210,high,1.0
813,273,813,812,653,203,476.44747081712063,233.31906614785993,16,47,3.3866482373350157,257,low,1.0
814,274,814,458,815,-2,390.9792531120332,187.54771784232366,14,20,5.378468507414411,241,high,2.0
815,274,815,814,816,-2,390.9792531120332,187.54771784232366,15,20,4.254791065386146,241,high,2.0
816,274,816,815,817,-2,387.2736842105263,182.63508771929824,16,68,4.468975067138672,285,high,1.0
817,274,817,816,-1,-1,380.1642512077295,166.8502415458937,17,147,4.335030825083493,207,high,1.0
818,275,818,673,819,-2,426.18543046357615,290.10596026490066,12,65,3.5800885652240955,151,high,1.0
819,275,819,818,820,-2,432.19424460431657,305.8956834532374,13,40,5.637525733741554,278,high,2.0
820,275,820,819,821,-2,425.9873417721519,321.27848101265823,14,34,3.9819471571180554,237,high,2.0
821,275,821,820,822,-2,425.9873417721519,321.27848101265823,15,34,3.12152099609375,237,low,2.0
822,275,822,821,823,-2,416.3333333333333,327.68468468468467,16,72,2.9727942542692203,333,low,2.0
823,275,823,822,-1,-1,418.0984126984127,336.0952380952381,17,151,3.434711206739194,315,low,2.0
824,276,824,442,825,-2,417.2014652014652,124.42490842490842,14,118,0.957323296125545,273,low,3.0
825,276,825,824,826,-2,421.8532608695652,126.85326086956522,15,121,3.5892057257183527,184,high,3.0
826,276,826,825,827,-2,420.1774193548387,120.0,16,30,4.070704448653991,248,high,3.0
827,276,827,826,-1,-1,414.8732876712329,109.53424657534246,17,54,3.1402729689472855,292,low,3.0
828,277,828,442,829,-2,397.9237288135593,112.39830508474576,14,96,0.0,118,low,3.0
829,277,829,828,830,-2,401.7981220657277,115.25352112676056,15,96,3.4498963738880017,213,low,3.0
830,277,830,829,831,-2,400.0530303030303,107.94318181818181,16,24,3.6190513392857144,264,high,3.0
831,277,831,830,-1,-1,393.35258358662617,95.33434650455926,17,41,3.8293329989748304,329,high,3.0
832,278,832,302,833,-2,460.31404958677683,257.8264462809917,13,59,5.505304900693222,121,high,2.0
833,278,833,832,834,-2,459.80392156862746,275.9901960784314,14,121,4.413377996076617,102,high,2.0
834,278,834,833,835,-2,461.97222222222223,274.93518518518516,15,120,3.754601263230847,108,high,2.0
835,278,835,834,836,-2,465.9756097560976,275.4227642276423,16,133,4.890193130030776,123,high,2.0
836,278,836,835,-1,-1,472.6258503401361,277.6462585034014,17,128,3.9374471524866617,147,high,2.0
837,279,837,257,838,-2,384.1864406779661,279.2457627118644,13,19,6.812591552734375,118,high,1.0
838,279,838,837,839,-2,358.44198895027625,295.83425414364643,14,8,2.849752777988471,181,low,3.0
839,279,839,838,840,-2,358.44198895027625,295.83425414364643,15,8,3.799779799378034,181,high,3.0
840,279,840,839,841,-2,349.28125,293.734375,16,6,4.458142448874081,128,high,3.0
841,279,841,840,-1,-1,339.2094594594595,294.9256756756757,17,105,3.540545357598199,148,high,3.0
842,280,842,238,843,-2,334.7581395348837,210.06046511627906,14,123,3.4189699370285562,215,low,1.0
843,280,843,842,844,-2,334.8730964467005,209.01522842639594,15,123,3.0415614995741307,197,low,1.0
844,280,844,843,845,-2,330.76681614349775,209.99103139013454,16,61,2.9315181278682254,223,low,1.0
845,280,845,844,-1,-1,320.0342205323194,210.19391634980988,17,5,3.1000094551571533,263,low,1.0
846,281,846,238,847,-2,330.8069306930693,235.45049504950495,14,89,3.6482949328066696,202,high,1.0
847,281,847,846,848,-2,331.0272727272727,234.3909090909091,15,89,3.2579101144450986,220,low,1.0
848,281,848,847,849,-2,323.7148936170213,239.54893617021276,16,2,2.671450440988601,235,low,1.0
849,281,849,848,-1,-1,313.4418604651163,244.74418604651163,17,103,3.5951000395275297,301,high,1.0
850,282,850,704,851,-2,425.40425531914894,255.92198581560282,12,68,3.8895520466129954,141,high,3.0
851,282,851,850,852,-2,433.13963963963965,250.06756756756758,13,42,4.872146157657399,222,high,1.0
852,282,852,851,853,-2,439.9707792207792,241.72402597402598,14,101,4.109523962039758,308,high,4.0
853,282,853,852,988,994,439.9707792207792,241.72402597402598,15,101,3.845404596612005,308,high,4.0
854,283,854,743,855,-2,419.0601503759398,299.90225563909775,12,63,3.26383992787954,133,low,2.0
855,283,855,854,856,-2,417.9651162790698,318.6046511627907,13,84,5.776632829145952,86,high,2.0
856,283,856,855,857,-2,394.65682656826567,326.84132841328415,14,22,3.1766381026631563,271,low,2.0
857,283,857,856,858,-2,394.65682656826567,326.84132841328415,15,22,3.110016037746029,271,low,2.0
858,283,858,857,859,-2,409.50961538461536,339.6730769230769,16,127,3.408257200006853,104,low,2.0
859,283,859,858,-1,-1,406.8780487804878,349.0487804878049,17,114,3.8300097783406577,164,high,2.0
860,284,860,174,861,-2,448.52261306532665,294.1959798994975,10,36,4.3464453125,199,high,1.0
861,284,861,860,862,-2,451.9920634920635,301.12698412698415,11,56,2.3923482425877305,126,low,2.0
862,284,862,861,863,-2,452.76635514018693,309.01869158878503,12,51,2.8294510614304316,214,low,2.0
863,284,863,862,967,948,454.14018691588785,305.91121495327104,13,56,5.62928612552472,214,high,2.0
864,285,864,610,-1,-1,390.9779411764706,366.1102941176471,17,174,3.0687785320971384,136,low,4.0
865,286,865,610,-1,-1,370.5625,363.53125,17,29,2.736729736328125,160,low,4.0
866,287,866,757,867,-2,347.8394366197183,217.49577464788732,15,124,3.63380646609877,355,high,1.0
867,287,867,866,1018,1019,339.5481727574751,219.59468438538207,16,63,3.6277668248468906,301,high,1.0
868,288,868,666,869,-2,415.3408450704225,240.23098591549297,14,72,4.421898328993056,355,high,3.0
869,288,869,868,870,-2,415.3408450704225,240.23098591549297,15,72,4.7753700086805555,355,high,3.0
870,288,870,869,1020,652,416.2970297029703,242.05940594059405,16,103,4.177406649284175,303,high,3.0
871,289,871,751,872,-2,390.6041666666667,219.52916666666667,14,21,4.114098657535601,240,high,1.0
872,289,872,871,873,-2,390.6041666666667,219.52916666666667,15,21,3.649268814280063,240,high,1.0
873,289,873,872,874,-2,388.2201834862385,222.03363914373088,16,21,3.645851975495595,327,high,1.0
874,289,874,873,-1,-1,377.2361111111111,230.40277777777777,17,35,3.463985578388187,216,low,1.0
875,290,875,368,876,-2,447.8775510204082,178.6326530612245,14,76,3.983805873937774,190,high,2.0
876,290,876,875,877,-2,447.8775510204082,178.6326530612245,15,76,3.7589144925458715,185,high,2.0
877,290,877,876,878,-2,447.82065217391306,181.3586956521739,16,77,3.540559788754112,184,high,2.0
878,290,878,877,-1,-1,446.5809523809524,182.98095238095237,17,75,4.025778961181641,105,high,2.0
879,291,879,368,880,-2,432.72,200.96,14,43,3.883813646104601,125,high,2.0
880,291,880,879,881,-2,432.72,200.96,15,43,4.8374438815646705,125,high,2.0
881,291,881,880,882,-2,424.12422360248445,197.19875776397515,16,31,4.577367635873648,161,high,2.0
882,291,882,881,-1,-1,417.7378640776699,194.62135922330097,17,57,3.9861675061677633,103,high,2.0
883,292,883,401,884,-2,384.4472049689441,355.5652173913044,14,18,0.0,161,low,3.0
884,292,884,883,885,-2,384.4472049689441,355.5652173913044,15,18,2.7142441693474266,161,low,3.0
885,292,885,884,886,-2,381.8009708737864,364.36893203883494,16,18,2.2809611155574485,206,low,3.0
886,292,886,885,-1,-1,375.9964412811388,375.8113879003559,17,27,2.030731680505563,281,low,3.0
887,293,887,401,888,-2,365.16494845360825,341.95360824742266,14,9,0.0,194,low,3.0
888,293,888,887,889,-2,365.16494845360825,341.95360824742266,15,9,3.093564893378586,194,low,3.0
889,293,889,888,890,-2,357.390243902439,349.0569105691057,16,7,3.0821906411723727,246,low,3.0
890,293,890,889,-1,-1,343.3777089783282,360.1021671826625,17,14,2.6401748657226562,323,low,3.0
891,294,891,111,892,-2,409.1457286432161,315.94472361809045,10,20,3.448668472410187,199,low,3.0
892,294,892,891,893,-2,408.5681818181818,314.0,11,59,2.2355524515934126,220,low,3.0
893,294,893,892,894,-2,395.11764705882354,318.9901960784314,12,6,3.033079085811492,204,low,3.0
894,294,894,893,502,499,393.4894894894895,322.8498498498499,13,20,6.23080570906538,333,high,3.0
895,295,895,111,896,-2,401.8265895953757,292.8034682080925,10,15,6.595875492802373,173,high,1.0
896,295,896,895,897,-2,400.1190476190476,291.67857142857144,11,39,3.4433591000668637,168,low,1.0
897,295,897,896,898,-2,392.48369565217394,293.1902173913044,12,41,3.8024642944335936,184,high,1.0
898,295,898,897,899,-2,408.37216828478967,304.53721682847896,13,28,5.978860828488372,309,high,3.0
899,295,899,898,900,-2,407.91525423728814,311.24152542372883,14,26,3.7441202799479165,236,high,3.0
900,295,900,899,901,-2,407.91525423728814,311.24152542372883,15,26,3.786969973717207,236,high,3.0
901,295,901,900,902,-2,394.7,317.59,16,95,3.631925746372768,300,high,3.0
902,295,902,901,-1,-1,391.2864583333333,332.6458333333333,17,39,2.8521753326664125,192,low,3.0
903,296,903,400,-1,-1,334.66315789473686,313.4526315789474,17,166,3.4587600950210815,190,low,1.0
904,297,904,400,-1,-1,331.9550561797753,336.2865168539326,17,139,3.001667182986476,178,low,1.0
905,298,905,666,906,-2,399.81538461538463,209.17435897435897,14,23,4.2519595238470265,195,high,1.0
906,298,906,905,907,-2,399.81538461538463,209.17435897435897,15,23,3.729251000189012,195,high,1.0
907,298,907,906,908,-2,399.0148148148148,202.16296296296295,16,25,4.124076511548913,270,high,1.0
908,298,908,907,-1,-1,392.92328767123286,194.19452054794522,17,112,3.403588271722561,365,low,1.0
909,299,909,222,910,-2,525.3648648648649,251.34234234234233,14,65,0.3075833255297517,222,low,2.0
910,299,910,909,911,-2,525.3648648648649,251.34234234234233,15,65,3.57877632036601,222,high,2.0
911,299,911,910,912,-2,534.0514705882352,249.65073529411765,16,57,2.9857109917534723,272,low,2.0
912,299,912,911,-1,-1,539.0489913544668,245.65706051873198,17,99,3.0829348943929755,347,low,2.0
913,300,913,917,914,-2,510.936231884058,249.44927536231884,14,109,3.568256306198408,345,high,1.0
914,300,914,913,915,-2,510.936231884058,249.44927536231884,15,109,3.570935807138119,345,high,1.0
915,300,915,914,654,707,517.8972972972973,247.52702702702703,16,109,3.887266355140187,370,high,1.0
916,301,916,328,917,-2,493.97857142857146,242.1642857142857,12,27,3.3526338849748885,140,low,1.0
917,301,917,916,913,918,496.93203883495147,234.55339805825244,13,81,6.84595947265625,103,high,1.0
918,302,918,917,919,-2,505.40277777777777,215.5625,14,62,3.1535812904094827,144,low,2.0
919,302,919,918,920,-2,505.40277777777777,215.5625,15,62,3.9681508732938218,144,high,2.0
920,302,920,919,921,-2,507.7100591715976,210.11242603550295,16,52,4.61210475458163,169,high,2.0
921,302,921,920,-1,-1,510.07065217391306,195.0163043478261,17,92,4.76771480201656,184,high,2.0
922,303,922,172,923,-2,468.8659793814433,307.9226804123711,14,54,3.4567840576171873,194,low,3.0
923,303,923,922,924,-2,468.8659793814433,307.9226804123711,15,54,3.479588826497396,194,high,3.0
924,303,924,923,925,-2,467.50763358778624,310.09541984732823,16,44,3.430941951976103,262,low,3.0
925,303,925,924,-1,-1,466.7262569832402,315.94692737430165,17,125,3.4316372628939353,358,low,3.0
926,304,926,350,927,-2,489.4263565891473,329.7403100775194,14,83,2.901488692672164,258,low,1.0
927,304,927,926,928,-2,489.4263565891473,329.7403100775194,15,83,2.724033685378086,258,low,1.0
928,304,928,927,929,-2,493.48857142857145,328.9457142857143,16,119,3.1403916302849266,350,low,1.0
929,304,929,928,-1,-1,492.4375,346.53308823529414,17,133,2.707290736607143,272,low,1.0
930,305,930,966,-1,-1,514.9336734693877,266.6479591836735,17,94,3.168885348135965,196,low,1.0
931,306,931,966,-1,-1,495.29816513761466,241.3256880733945,17,132,5.105993182842548,218,high,1.0
932,307,932,979,933,-2,415.78453038674036,194.20994475138122,14,33,4.622928456363515,181,high,4.0
933,307,933,932,934,-2,415.78453038674036,194.20994475138122,15,33,4.223561083149706,181,high,4.0
934,307,934,933,935,-2,413.91764705882355,178.13333333333333,16,73,3.9191355324961656,255,high,4.0
935,307,935,934,-1,-1,408.85798816568047,170.9467455621302,17,175,3.6601148332868303,338,high,1.0
936,308,936,85,937,-2,454.87982832618025,174.39484978540773,12,17,3.3449854357489226,233,low,4.0
937,308,937,936,938,-2,462.6792452830189,175.0641509433962,13,57,5.439320220044379,265,high,4.0
938,308,938,937,939,-2,480.5679442508711,174.2334494773519,14,105,2.1889476776123047,287,low,4.0
939,308,939,938,940,-2,480.5679442508711,174.2334494773519,15,105,2.9439881642659507,287,low,4.0
940,308,940,939,941,-2,490.23333333333335,156.94,16,50,3.3227489953753593,150,low,4.0
941,308,941,940,-1,-1,488.74725274725273,157.2967032967033,17,85,3.403689751258263,182,low,4.0
942,309,942,172,943,-2,460.3448275862069,299.4310344827586,14,50,3.5595324286099137,232,high,3.0
943,309,943,942,944,-2,460.3448275862069,299.4310344827586,15,50,3.5943308863146552,232,high,3.0
944,309,944,943,945,-2,456.5399061032864,303.74178403755866,16,96,3.010139404296875,213,low,3.0
945,309,945,944,-1,-1,448.0967741935484,314.65806451612906,17,73,3.5591417395550273,155,high,3.0
946,310,946,321,-1,-1,480.2578125,185.46875,17,84,4.138141682942709,128,high,4.0
947,311,947,321,-1,-1,476.187969924812,206.3984962406015,17,82,3.5885676631221064,133,high,4.0
948,312,948,863,949,-2,450.153488372093,316.7627906976744,14,48,4.646031660999325,215,high,2.0
949,312,949,948,950,-2,450.153488372093,316.7627906976744,15,48,3.6723400088522933,215,high,2.0
950,312,950,949,951,-2,447.25283018867924,322.30943396226417,16,38,4.053114617007902,265,high,2.0
951,312,951,950,-1,-1,443.8036809815951,331.2085889570552,17,66,4.620774533267312,326,high,2.0
952,313,952,300,953,-2,407.2903225806452,147.20430107526883,14,113,4.402848347578899,186,high,4.0
953,313,953,952,954,-2,407.05797101449275,147.44927536231884,15,112,3.916657658933683,207,high,4.0
954,313,954,953,643,511,413.92758620689654,146.1448275862069,16,71,3.8110468438331115,290,high,4.0
955,314,955,963,956,-2,503.6974358974359,246.22051282051282,16,83,3.9947507111922556,195,high,3.0
956,314,956,955,-1,-1,513.775413711584,248.87470449172577,17,159,4.027343418287194,281,high,3.0
957,315,957,677,958,-2,412.03125,218.2125,12,62,3.5850626627604165,160,high,2.0
958,315,958,957,1000,996,410.02884615384613,206.32692307692307,13,31,6.173823570137594,208,high,2.0
959,316,959,780,-1,-1,412.35087719298247,125.30409356725146,17,55,3.4003850763494317,171,low,4.0
960,317,960,804,-1,-1,502.9230769230769,179.3146853146853,17,173,3.607256257132198,143,high,1.0
961,318,961,804,-1,-1,497.4927536231884,208.3804347826087,17,158,3.282315947318989,276,low,1.0
962,319,962,724,963,-2,500.36559139784947,251.8136200716846,14,108,3.2214863485918785,279,low,2.0
963,319,963,962,625,955,500.36559139784947,251.8136200716846,15,108,4.57272868813155,279,high,2.0
964,320,964,724,965,-2,490.53356890459366,255.78798586572438,14,82,4.3546971155944485,283,high,1.0
965,320,965,964,966,-2,490.53356890459366,255.78798586572438,15,82,3.656093149877793,283,high,1.0
966,320,966,965,930,931,497.13866666666667,253.89333333333335,16,107,3.2246554845285207,375,low,1.0
967,321,967,863,968,-2,468.2167832167832,323.53146853146853,14,117,3.5412377047251504,143,high,2.0
968,321,968,967,969,-2,468.3525179856115,323.32374100719426,15,119,3.420140838623047,139,low,2.0
969,321,969,968,970,-2,470.6,325.37692307692305,16,132,4.322656167520059,130,high,2.0
970,321,970,969,-1,-1,472.7826086956522,328.5652173913044,17,155,4.43159038264577,138,high,2.0
971,322,971,757,972,-2,337.7252396166134,187.58785942492014,15,86,2.7598809136284723,313,low,3.0
972,322,972,971,629,630,328.2298136645963,178.3726708074534,16,3,2.9259635523745886,322,low,3.0
973,323,973,300,974,-2,421.6474820143885,164.0863309352518,14,35,3.7883786121046685,139,high,4.0
974,323,974,973,975,-2,421.6474820143885,164.0863309352518,15,35,4.732515266142696,139,high,4.0
975,323,975,974,976,-2,432.89256198347107,160.31404958677686,16,76,3.946193641340229,121,high,4.0
976,323,976,975,-1,-1,436.1949685534591,159.78616352201257,17,68,4.562036258658183,159,high,5.0
977,324,977,202,978,-2,412.4140625,209.109375,11,34,4.481235388553504,128,high,4.0
978,324,978,977,979,-2,410.9312169312169,202.65079365079364,12,58,4.332296779013087,189,high,4.0
979,324,979,978,781,932,422.04128440366975,197.47706422018348,13,37,5.687871596392463,218,high,4.0
980,325,980,284,981,-2,419.18,198.14666666666668,11,49,4.014456073889572,150,high,2.0
981,325,981,980,982,-2,425.98581560283685,199.88652482269504,12,74,4.343052219700169,282,high,2.0
982,325,982,981,983,-2,431.3894230769231,187.38942307692307,13,43,5.885013002337831,208,high,1.0
983,325,983,982,984,-2,435.84142394822004,179.9546925566343,14,44,4.044074911378028,309,high,1.0
984,325,984,983,985,-2,435.84142394822004,179.9546925566343,15,44,3.4219102229315803,309,low,1.0
985,325,985,984,644,637,438.50759878419456,174.83586626139817,16,36,3.1138848511304724,329,low,1.0
986,326,986,284,987,-2,407.6448598130841,179.79906542056074,11,50,4.460776508718297,214,high,1.0
987,326,987,986,458,774,404.82371794871796,169.7852564102564,12,56,4.335322337784791,312,high,1.0
988,327,988,853,989,-2,406.13963963963965,228.3783783783784,16,99,4.099458852208647,222,high,5.0
989,327,989,988,-1,-1,393.96062992125985,227.55905511811022,17,45,4.4422314453125,127,high,5.0
990,328,990,208,991,-2,459.0967741935484,222.13548387096773,11,54,3.337003214975421,155,low,2.0
991,328,991,990,992,-2,462.5460122699387,219.77914110429447,12,40,4.512759937959559,163,high,1.0
992,328,992,991,536,532,447.1764705882353,218.46218487394958,13,49,4.917356833433494,238,high,1.0
993,329,993,208,367,365,446.20754716981133,220.22641509433961,11,62,3.7069247989203986,212,high,1.0
994,330,994,853,995,-2,431.5821596244131,233.06103286384976,16,100,3.387118917115977,213,low,1.0
995,330,995,994,-1,-1,437.1137440758294,231.42890995260663,17,152,3.3426106770833335,422,low,1.0
996,331,996,958,997,-2,407.0536585365854,169.33658536585367,14,114,4.234864185474537,205,high,3.0
997,331,997,996,998,-2,407.030303030303,169.76262626262627,15,111,4.6134625059185606,198,high,3.0
998,331,998,997,999,-2,401.0763358778626,179.3053435114504,16,26,4.125051137563345,131,high,1.0
999,331,999,998,-1,-1,391.13157894736844,162.31578947368422,17,42,3.831625461578369,114,high,3.0
1000,332,1000,958,1001,-2,403.2344827586207,191.2,14,27,4.978904304923592,145,high,1.0
1001,332,1001,1000,1002,-2,403.2344827586207,191.2,15,27,4.284499283675309,145,high,1.0
1002,332,1002,1001,1003,-2,398.7843137254902,155.08333333333334,16,70,4.109573136514692,204,high,3.0
1003,332,1003,1002,-1,-1,381.9222222222222,142.62222222222223,17,148,3.9284962621228448,180,high,3.0
1004,333,1004,777,-1,-1,393.8134715025907,118.8238341968912,17,162,3.49050518644958,193,high,3.0
1005,334,1005,777,-1,-1,381.36619718309856,97.04225352112677,17,37,3.809647893331137,142,high,3.0
1006,335,1006,280,1007,-2,461.32,338.224,14,116,3.981473176375679,125,high,2.0
1007,335,1007,1006,1008,-2,460.84285714285716,337.5571428571429,15,116,4.817653221420095,140,high,2.0
1008,335,1008,1007,1009,-2,467.22,343.64,16,104,3.273731925270774,150,low,2.0
1009,335,1009,1008,-1,-1,468.83850931677017,345.41614906832297,17,154,3.1159502047936893,161,low,2.0
1010,336,1010,280,1011,-2,449.256038647343,333.32850241545896,14,75,4.632149499791269,207,high,2.0
1011,336,1011,1010,1012,-2,448.77777777777777,333.53439153439155,15,75,4.645775305706522,189,high,2.0
1012,336,1012,1011,1013,-2,449.3818181818182,335.8181818181818,16,40,3.48108389718192,220,high,2.0
1013,336,1013,1012,-1,-1,448.72535211267603,346.693661971831,17,119,4.025706688133446,284,high,2.0
1014,337,1014,773,1015,-2,408.12,196.94666666666666,16,123,3.344690159388951,75,low,1.0
1015,337,1015,1014,-1,-1,403.96581196581195,191.94017094017093,17,50,3.3167356833433495,234,low,2.0
1016,338,1016,773,1017,-2,411.72058823529414,212.2450980392157,16,136,3.5607241030092593,204,high,1.0
1017,338,1017,1016,-1,-1,406.2637362637363,222.65567765567766,17,51,3.441018611826795,273,low,2.0
1018,339,1018,867,-1,-1,331.81382978723406,210.9095744680851,17,13,3.0887171427408853,188,low,1.0
1019,340,1019,867,-1,-1,334.8811475409836,228.2827868852459,17,140,4.09493688634924,244,high,1.0
1020,341,1020,870,-1,-1,394.1510416666667,240.66666666666666,17,40,4.274161128674523,192,high,3.0
