"","V1","V2","V3","V4","V5","V6","V7","V8","V9","V10","V11","V12","V13","V14","V15","V16","V17","V18","V19","V20","V21","V22"
"1",0,0.857142857142857,1.71428571428571,2.57142857142857,3.42857142857143,4.28571428571429,5.14285714285714,6,6.85714285714286,7.71428571428571,8.57142857142857,9.42857142857143,10.2857142857143,11.1428571428571,12,12.8571428571429,13.7142857142857,14.5714285714286,15.4285714285714,16.2857142857143,17.1428571428571,18
"2",8.23486328125,5.81697927427687,3.46674926251297,2.04055525905403,1.58020511750253,1.63055526378545,2.03763947696417,2.11678930272395,1.44424934575124,0.974351926984598,0.825328968943887,0.977766669105776,1.26627039472995,1.75786330852105,2.41459127382937,1.66027832031254,1.74765638268512,2.08830165318079,1.44186055291558,0.921112683354613,1.35407712982923,1.3417743104877
"3",8.23486328125,5.81697927427687,3.8832979291399,1.99999032041574,1.41348526325631,1.84542846679687,2.59038297793545,2.73029414943007,1.88960226988182,1.22885146017873,1.09541806063762,1.46216643090341,1.99321668319953,2.51327776908874,2.92862780340787,2.68138952816232,2.49998450646033,2.39130242665609,2.61043346437634,2.22716683401187,2.03464214618389,2.66432419868365
"4",8.17309688254831,9.07360869689792,5.76110792160034,2.2009529035116,1.73152701462371,2.75637690226237,3.93680239481265,3.95504429408482,2.54895241477273,1.74160799396179,1.97183095245175,2.21613766284699,2.24391709794792,2.5804780847886,2.89519517686632,2.45911570064358,2.38672369094122,2.45501820975487,3.12613127952398,2.48081365124933,2.35586159916247,2.65191630313271
"5",8.23486328125,5.22451989937827,4.95395700555099,1.90991526316727,1.00200720147772,1.13296145484561,2.30877702590043,2.66659463861937,1.15930305093022,1.5446547899622,2.0369719762841,1.81154896388544,2.34259417385137,2.71951194431471,2.31869354248047,1.97345810340195,2.01614801670478,2.04305145705956,2.41840947339983,2.42240165483834,2.32666562208489,2.67903055671517
"6",8.23486328125001,5.81697927427686,3.8832979291399,1.99999032041575,1.64855266752698,3.24830796983508,3.78458527817804,2.90287327122044,1.63685591502856,0.727969529797401,0.537432783575352,0.897454533552257,1.45363646861575,1.88986590841542,2.10416638011664,2.17174160119259,2.29768361476873,2.28939200736381,2.11357134038752,1.96966740948513,1.87710640125705,2.62726104393434
"7",8.23486328125,5.22451989937827,4.39206136067709,2.1333680618641,1.65878593073356,2.31770703471299,2.58612532421519,1.84810990896839,0.394992646716889,0.496293246343757,1.24667288645308,1.45025916033626,1.59996492810015,1.87695385859563,2.22804597553454,2.19443162282308,1.98253468717082,2.14814314731332,1.98964489556347,2.13537436187583,2.29757715444096,2.50318193435669
"8",8.23486328125,5.22451989937827,4.95395700555099,1.90991526316727,1.00200720147772,1.13296145484561,2.31869070682674,2.66659463861937,1.22248954772949,1.60061402495401,1.70545161686387,1.02690439005844,1.73989058881683,2.63790419295027,3.02197446917543,2.66048392602953,2.73058549184648,2.53745154178504,2.87430737065334,2.51457564895218,2.76913261413574,2.52340456334556
"9",8.23486328124994,5.81697927427693,3.46674926251296,2.04055525905379,1.58020511750254,1.84002922576635,1.89465287074443,1.73110635446917,1.18055002312913,0.9903082862307,0.991913626311004,1.06170001272498,1.12278030368615,1.28998347101973,1.64425332205581,0.892092452090588,1.26334679644992,0.806051974826257,2.12671462803651,1.8661302566526,1.77730544732456,1.87372793802428
"10",8.23486328125001,5.81697927427687,3.88329792913989,1.99999032041576,1.64855266752697,2.4022208504055,3.03086582816342,2.51641434585492,0.898928138831144,-0.00428219404993871,0.128596959999692,0.80254915677584,1.31783740517999,1.75828137934601,2.32350639674974,2.02076118533351,1.9584481375558,1.8671336364746,1.92652192783816,1.90548964280348,1.84927474975586,1.96598828959669
"11",8.23486328125,5.81697927427687,3.46674926251298,2.04055525905403,1.58020511750252,1.84002922576608,1.92328369358689,1.73110635446948,1.42081939697265,1.22808790042549,1.20654963554307,1.32860611625344,1.48535157454221,1.76788459546638,2.23534106182798,2.21500137004446,2.3755874633789,2.07916378974919,2.65253806114192,2.71378078460692,2.30119102588601,2.73270416259763
"12",8.17309688254831,7.41750015751008,4.79982983155108,2.23132305723248,2.0351834122423,1.55158989418281,1.76243538447338,1.92953436957466,0.958039964948382,0.210659072691304,0.4662376439205,1.22346029990961,1.80285946719085,2.18240045787332,2.53621492454474,2.72040227795323,2.50686863490513,2.62913831075033,2.7180691078061,2.49455878848121,2.495029296875,2.64188403320312
"13",8.23486328125,5.81697927427686,3.8832979291399,1.99999032041575,1.64855266752697,3.24830796983507,3.8668032425174,2.90287327122044,1.74942279118363,1.27836631812922,1.25132328247478,1.27458227686135,1.48582535001015,2.07116239814348,2.66863210577713,2.47256679160922,2.67142649165919,2.61464288884943,2.46915473007574,2.40825782631928,1.97576610858623,2.19733407762315
"14",8.23486328124968,5.2245198993778,4.39206136067645,2.13336806186459,1.65878593073367,2.14438014174904,1.96995403292724,1.59563774898084,1.30270931359429,1.26762637640549,1.38954581029007,1.61454684863087,1.92999205495883,2.32144578647289,2.78460672018409,2.46228701942846,2.27761799393713,2.35077133752371,2.87078904371972,2.38714670580535,2.69629124232703,2.99064254760728
"15",8.23486328125069,5.22451989937894,4.39206136067722,2.13336806186441,1.65878593073425,2.14438014174949,1.9688129870999,1.59563774898178,1.30270931359511,1.25967470207176,1.37846922013629,1.61454684863202,1.96241697927074,2.3214457864738,2.61487252371731,2.79171450775373,2.51154446889137,2.41804520289131,2.79163078025566,2.25118441195117,2.83612954275949,2.58886503837481
"16",8.23486328125,5.22451989937827,4.95395700555098,1.90991526316727,1.00200720147772,1.13296145484561,1.82964746245136,2.356719824686,1.37607890966157,1.07765648971477,1.04391704164866,0.686419551236642,0.749312974295951,1.11715801342114,1.19997117784288,0.482937714763891,0.422367650219518,0.503075350247897,0.825215657552083,0.441992954901088,0.435553060995566,0.534657463353342
"17",8.23486328125,5.22451989937827,4.95395700555099,1.90991526316727,1.00200720147772,1.13296145484561,2.29987161414632,2.66659463861937,1.15930305093022,1.52516512479999,2.01929167159179,1.81154896388544,2.33529189717589,2.71951194431471,2.31869354248047,1.97345810340195,2.01614801670478,2.04305145705956,2.41840947339983,2.14147902026619,2.17995925176711,2.29591090990149
"18",8.23486328125,5.22451989937827,4.95395700555099,1.90991526316727,1.16803559159811,1.65007357548528,2.33822974832739,2.44119961290475,1.55134307172962,1.82949259792254,1.93925822704394,1.47303941514757,1.56862271108481,1.91685548762685,2.26099904378255,1.64198476617986,2.22897768887607,2.82264036290786,2.6957761976454,1.66615970201227,1.7450060002944,2.20236921310425
"19",8.23486328125,5.22451989937827,4.95395700555099,1.90991526316727,1.16803559159811,1.65007357548528,2.33397336463285,2.44119961290474,1.55134307172962,1.81828049993085,1.92646594337579,1.47303941514757,1.59343144166019,1.91685548762685,2.26099904378255,1.86487890625,2.13379075792101,2.01392527095607,2.41232882201217,2.39429219563802,2.07597429324419,1.90651916943008
"20",8.23486328125,5.81697927427686,3.46674926251297,1.59211172986386,1.09025411690231,1.26444649265992,1.65502271451079,1.65455643503289,0.9831405801976,0.47314573130329,0.27757557640398,0.382792386141701,0.612672127612789,1.01101739458043,1.56728889828636,1.26885332380022,1.39691772460937,1.28678438956278,1.49860023793593,1.21888310076242,1.17657866659046,1.25939059595211
"21",8.23486328125,5.81697927427685,3.46674926251297,1.59211172986386,1.09025411690231,1.26444649265991,1.66757419913308,1.65455643503289,0.983140580197597,0.451115533316499,0.260127141677988,0.382792386141705,0.622744028117116,1.01101739458042,1.56728889828634,1.31498219707222,1.63879142687158,2.04228630065915,1.80276181282255,1.53440033443391,1.5263137817383,2.66002104017469
"22",8.17309688254831,9.07360869689792,5.76110792160034,2.2009529035116,1.73152701462371,2.75637690226237,3.90405433499095,3.95504429408482,2.54895241477273,1.27308028492927,0.918380304793101,1.40020376176976,2.42599758862746,3.07777904163708,2.83751718240892,2.58693570506816,3.04514305992464,2.64299024733822,2.61863886845577,2.62616609272204,2.61838829466202,2.77419898623512
"23",8.17309688254831,9.07360869689792,5.76110792160034,2.2009529035116,1.73152701462371,2.75637690226237,3.90795048731314,3.95504429408482,2.54895241477272,1.24500752240618,0.887516747280661,1.40020376176976,2.41223122660426,3.07777904163707,2.83751718240891,2.3106278852983,2.49935913085938,2.59503062178449,2.79465601994441,2.58651617140997,2.65165810689439,2.86046752929688
"24",8.23486328125,5.22451989937827,4.95395700555099,1.90991526316727,1.16803559159811,1.65007357548528,2.32102827054209,2.44119961290474,1.55134307172962,1.80862578954377,2.04173815242975,1.76147697341274,1.91392827820432,2.25934939500762,2.36445592661373,1.78419447241363,1.98518274185505,1.73564620566579,1.78999585918352,1.53367614746094,1.61490028782895,2.03003158161347
"25",8.23486328125,5.22451989937827,4.95395700555099,1.90991526316727,1.1680355915981,1.65007357548528,2.38516918649622,2.44119961290474,1.55134307172962,1.96304376410046,2.15649298815817,1.76147697341274,2.06739433517259,2.25934939500762,2.36445592661373,2.68854838669902,2.8883298098386,2.55922967034417,2.58328404377416,2.33672727651932,2.13842135499426,2.67886136485412
"26",8.17309688254831,7.41750015751008,4.33594107413077,1.5134053132972,1.22010093737559,1.53932720681896,2.01945902115063,2.2445231413583,1.89449581683882,1.20370314695337,0.749866419345226,1.0202290384393,1.78799486350089,2.15272905012217,1.84589743499019,1.7470265858209,1.78164907602163,2.07262129350142,2.50528296995699,2.23447745186942,2.5047028583029,2.778891104239
"27",8.23486328125,5.81697927427686,3.46674926251296,2.04055525905402,1.58020511750252,1.84002922576608,1.98928038283818,1.73110635446947,1.18055002312911,0.958472249990131,1.13943482248886,1.5381960140045,1.84453295149167,1.9340372580558,1.85199150884195,1.74043371322308,1.74424375806535,1.71176370121377,2.1884864600929,2.07290306703292,2.0849237738715,2.10311914325724
"28",8.23486328125,5.81697927427686,3.46674926251296,1.59211172986387,1.09025411690231,1.26444649265992,1.67192692178081,1.65455643503289,0.983140580197597,0.24539475587495,-0.0374159099699685,0.382792386141687,1.2443457165921,1.8932503148129,1.83682339177655,0.800720701826382,0.548765031914971,1.29786766899955,1.3352296617296,0.609197092056286,0.547425558400708,0.886236433549359
"29",8.23486328125,5.81697927427686,3.46674926251297,1.59211172986387,1.09025411690231,1.26444649265991,1.67193201317675,1.65455643503289,0.983140580197598,0.245081930553662,-0.0349659490316551,0.382792386141694,1.24110643129449,1.89325031481291,1.83682339177655,0.800720701826405,0.269712971375041,0.279499169551977,1.09319051106768,0.661005033116761,0.485264818596124,0.918842383390347
"30",8.17309688254831,7.41750015751008,4.33594107413077,1.5134053132972,0.741515922546387,1.35904727262609,1.9199298080753,1.73028281882957,1.10782194137573,0.686881301221411,0.505371813561232,0.461570648193362,0.674602189514378,1.25148386195087,1.7424102247807,1.07362661650687,1.18406455993652,1.15903322715459,0.953494801240808,0.987779822716341,1.12367385473007,1.65068054199219
"31",8.23486328125,5.81697927427686,3.88329792913988,1.99999032041575,1.41348526325633,1.84542846679687,2.36973652450839,2.36314213740361,1.6421156360257,1.22299068747808,1.20795265968893,1.42465399380387,1.53119468015519,1.58913650512695,1.71040847926461,1.04161467375577,0.589300224108561,0.504735056559251,0.826345424459409,0.169844010296982,0.742229052182651,2.06411585314521
"32",8.17309688254831,7.41750015751008,4.33594107413077,1.51340531329719,1.2201009373756,1.53932720681895,2.08916122075052,2.2445231413583,1.48417421850828,0.827550047104539,0.689197420629449,0.713296214986292,0.929996440537855,1.57402154171106,2.0360795033129,1.46145025727713,1.13329703467233,1.38999660198505,1.82643492609008,0.884396067836829,1.55277640864534,1.34332298510003
"33",8.17309688254831,9.07360869689792,5.76110792160034,2.2009529035116,1.73152701462371,2.19972042921113,2.63438826980534,2.66114666445035,2.11472795870357,1.78872777056272,1.82674825766927,1.82490353183892,1.90129035801874,2.413330078125,2.92485788327838,2.7397216796875,2.83222392961091,2.71819396246047,2.86066436767578,2.31046935333603,2.11432607075167,2.37632175021701
"34",8.17309688254831,7.41750015751008,4.33594107413077,1.51340531329719,1.22010093737559,1.53932720681896,2.16253477130971,2.2445231413583,1.48417421850828,0.954756340924471,0.83312893877503,0.71329621498629,0.653396312791494,1.20885528080047,1.93437754313151,1.24816513061523,0.808446212553642,0.511782078384662,0.543609543226249,0.176481940529564,0.30433666344845,0.698320572464552
"35",8.17309688254831,7.41750015751008,4.33594107413077,1.51340531329719,1.22010093737559,1.53932720681896,2.14993914008234,2.2445231413583,1.48417421850828,0.962684518840197,0.865177878349958,0.713296214986289,0.619622373604027,1.20885528080047,1.93437754313151,1.24816513061523,0.949587550307764,1.04770904979067,0.982349596525493,0.918218538906035,0.946891074956851,1.59974262391254
"36",8.17309688254831,7.41750015751008,4.79982983155108,2.23132305723248,1.58471095004929,1.84134715687145,2.40744124799633,2.40277692396864,1.67605590820313,1.14115260316798,1.03127540001983,1.14100163157394,1.3816873324604,1.86989796655418,2.34562755766369,2.01997368324532,2.27876913136449,2.28191938556608,2.55128085736147,1.74590008879362,2.35833363474151,3.16736493791853
"37",8.23486328125,5.81697927427685,3.46674926251297,2.04055525905402,1.58020511750253,1.84002922576607,1.92969024787881,1.73110635446947,1.42081939697266,1.10334832935386,1.03176049039029,1.32860611625339,1.92088341175748,2.40397180378107,2.45035480135049,2.18812716209285,1.97398562547637,1.87732872596151,2.27911508683678,1.6378281691979,1.96601185045748,2.11531391402714
"38",8.17309688254831,7.41750015751007,4.79982983155107,2.23132305723248,1.58471095004928,1.84134715687145,2.41566269708735,2.40277692396863,1.67605590820312,1.20375347924424,1.27142919676297,1.6524377045808,2.04310574249103,2.37924775184101,2.56617631062422,2.18270930018994,2.48325278542258,2.65845992938191,3.0242050730121,2.43425126509233,2.07805420922451,2.29688707762809
"39",8.1730968825483,7.41750015751008,4.33594107413077,1.5134053132972,0.741515922546386,1.35904727262609,1.91611694564488,1.73028281882957,1.10782194137573,0.64869768376704,0.459081540808883,0.461570648193361,0.71486808349289,1.25148386195086,1.7424102247807,1.59073200057038,1.21858820421943,1.4278003589527,1.58389235987808,1.45452939547026,1.36964154348499,1.77996401385073
"40",8.1730968825483,7.41750015751008,4.33594107413077,1.51340531329719,0.741515922546386,1.35904727262609,1.91549847097702,1.73028281882957,1.10782194137573,0.641116757365008,0.44400219841529,0.461570648193358,0.731836419837435,1.25148386195086,1.74241022478071,1.59073200057038,1.85397469284188,2.05430143073415,1.65114524147727,1.60240028644431,1.71769479604868,2.04665246911951
"41",8.23486328125,5.22451989937827,4.95395700555099,1.90991526316727,1.00200720147772,1.13296145484561,1.9982906806327,2.356719824686,1.37607890966157,1.60477110310272,1.77668751734699,1.37239791870117,1.54316344341812,1.85925549958882,2.43038662997159,2.375531816816,1.96956470630787,2.10163775694023,2.17959108023808,2.1483587537493,1.78597212107168,1.88283278822233
"42",8.23486328125,5.22451989937827,4.95395700555099,1.90991526316727,1.16803559159811,1.65007357548528,1.97025373945609,1.99187194409014,1.55887811834162,1.73453304799233,1.53436309489057,1.01075870289522,1.40237618415087,1.83790652491465,2.04486562244928,1.98119641225272,1.70155532271774,1.522026846342,1.47705445806664,1.42563214983259,1.77169345287566,2.26388655037716
"43",8.23486328125,5.22451989937827,4.95395700555099,1.90991526316727,1.16803559159811,1.65007357548528,2.02159198531367,1.99187194409014,1.55887811834162,1.8467143697213,1.62641954061937,1.01075870289522,1.47033126496566,1.83790652491465,2.04486562244928,1.98119641225273,1.70155532271774,2.41146122325551,2.26063374110631,2.23613070264275,2.21714973449707,2.27454096293278
"44",8.17309688254831,7.41750015751008,4.79982983155108,2.23132305723248,1.58471095004928,1.84134715687145,2.41595391266418,2.40277692396864,1.67605590820313,1.21154977779407,1.28945856516915,1.6524377045808,2.01350450321069,2.37924775184101,2.69588227905979,2.58029851302725,2.38929839002286,2.12014177720324,2.34338308345375,1.68910022709994,1.96394548688616,2.61560144157053
"45",8.23486328125,5.22451989937827,4.95395700555099,1.90991526316727,1.16803559159811,1.65007357548528,2.19279180622961,2.44119961290474,2.09460945129395,2.21770296581351,2.09500004499299,1.6146240234375,1.46851973007822,1.61649637554416,2.2086883304626,1.73868440326892,1.6622191660503,1.89684663660386,2.44914056687128,2.01416989030509,1.87604986761034,2.33318452127115
"46",8.23486328125,5.22451989937827,4.95395700555099,1.90991526316727,1.16803559159811,1.65007357548528,2.17981140788899,2.44119961290474,2.09460945129395,2.18689877022031,2.06921091640979,1.6146240234375,1.45612329744403,1.61649637554415,2.2086883304626,1.73868440326892,1.6622191660503,1.74610190355141,2.29820923578171,1.74852015036905,1.55538399436257,1.99712588808952
"47",8.17309688254831,9.07360869689792,5.76110792160034,2.2009529035116,1.73152701462371,2.19972042921113,2.62197622663704,2.66114666445035,2.11472795870357,1.62414757796447,1.51377243095747,1.74695544590766,2.23183653691123,2.55847384661612,2.39404791293863,2.04819423594373,2.15193587434506,2.41069482078015,2.7295654296875,2.56353315334876,2.24553800884046,2.96257727486747
"48",8.17309688254831,9.07360869689792,5.76110792160034,2.2009529035116,1.73152701462371,2.19972042921113,2.62169105049979,2.66114666445036,2.11472795870357,1.60489197483852,1.49019449864119,1.74695544590766,2.23991520918896,2.55847384661612,2.39404791293864,2.04819423594374,2.15193587434506,2.30132947649274,2.6125392747962,2.27906222303374,2.24574933733259,2.00031882185277
"49",8.17309688254831,7.41750015751008,4.33594107413077,1.51340531329719,0.741515922546387,1.35904727262609,1.81737496679864,1.73028281882957,1.50089571768777,1.20870256629774,0.863137567525763,0.73015707833426,1.15772509393802,1.97994574185076,2.4458017985026,1.60795981423898,1.54246955189277,0.919081906919121,1.51158213297526,1.4494720826666,1.6309403045268,1.77544056285512
"50",8.17309688254831,7.41750015751008,4.33594107413077,1.51340531329719,0.741515922546388,1.35904727262609,1.81854429965683,1.73028281882957,1.50089571768777,1.22874120518972,0.886994830241307,0.730157078334264,1.14363603461611,1.97994574185076,2.44580179850259,1.60795981423899,1.54246955189278,0.919081906919135,1.67053996494838,1.48194258180383,1.28454455813846,1.63786843039773
"51",8.23486328125,5.22451989937827,4.95395700555099,1.90991526316727,1.16803559159811,1.65007357548528,2.21322329731285,2.44119961290474,2.09460945129395,2.23139060807827,2.02229940645133,1.48016721810868,1.64711201536408,2.10847998447106,2.37153594765887,1.49925652865706,1.88009059175532,1.95139875961224,2.25299679916517,1.78411271837023,1.81843735189999,2.53627319335937
"52",8.23486328125,5.22451989937827,4.95395700555098,1.90991526316727,1.16803559159811,1.65007357548528,2.2317401498728,2.44119961290474,2.09460945129395,2.26122022812103,2.046368940813,1.48016721810868,1.6674388181937,2.10847998447105,2.37153594765887,1.49925652865706,1.88009059175532,1.95139875961224,2.31165704494569,1.76829217404735,2.23352693256579,2.73853470896947
"53",8.23486328125,5.8169792742769,3.46674926251298,1.59211172986389,1.0902541169023,1.26444649265994,1.59906615951437,1.81090661863617,1.60408251213305,1.49887256548193,1.44620849843116,1.45026627632041,1.55464602713646,1.67730227383707,1.69887195933957,1.54873292342484,1.58438005118529,1.03247492863578,1.46750640869136,0.325948902818017,0.392657826741456,0.030265704640931
"54",8.23486328125,5.81697927427685,3.46674926251298,1.59211172986386,1.09025411690229,1.26444649265992,1.63191795364964,1.81090661863618,1.60408251213304,1.44050665601016,1.38505615263946,1.45026627632038,1.57138449270722,1.67730227383701,1.69887195933949,1.54873292342483,1.58438005118529,1.03247492863583,1.79251182242611,1.5180746225211,1.02865726246553,1.19998066241924
"55",8.17309688254831,7.41750015751008,4.33594107413077,1.51340531329719,0.741515922546387,1.35904727262609,1.85154449606693,1.73028281882957,1.50089571768777,1.59343951803023,1.4756918059433,0.730157078334265,0.51252188420899,1.97994574185075,3.15230282870206,1.61960790490591,1.41393405951342,1.35496613786027,1.2209429794483,0.750117668738731,0.700814833334826,1.56845238095238
"56",8.17309688254831,7.41750015751008,4.33594107413077,1.5134053132972,1.2201009373756,1.53932720681895,1.97804269679818,2.2445231413583,1.89449581683882,1.21550002910542,0.778209393623467,1.0202290384393,1.77404059531906,2.15272905012217,1.84589743499019,1.59071563392557,1.62919459833163,1.58471368283642,1.6292751996945,0.585100332895918,1.41143587209882,1.56598131584399
"57",8.17309688254831,7.41750015751008,4.33594107413077,1.5134053132972,1.22010093737559,1.53932720681895,2.02796192489799,2.2445231413583,1.89449581683882,1.21843803692725,0.769900217516779,1.0202290384393,1.76847215221504,2.15272905012217,1.84589743499019,1.59071563392557,1.62919459833163,1.58471368283642,1.89378718325967,1.502853865476,1.54918106742527,1.72884732200986
"58",8.23486328125,5.81697927427686,3.88329792913989,1.99999032041575,1.64855266752698,2.40222085040548,3.10353681296392,2.51641434585492,0.898928138831142,0.211822828193128,0.63526545813081,1.24297549860264,1.5447090388974,2.13752475631571,3.08296544343523,2.87857259114583,2.39022799489002,1.97519563373766,2.37182352862021,2.21740612351751,2.29015368251173,2.72936436387359
"59",8.23486328125,5.81697927427686,3.88329792913989,1.99999032041575,1.64855266752697,2.40222085040549,3.11160639339237,2.51641434585492,0.898928138831144,0.21996101361554,0.656768402031044,1.24297549860264,1.52750102069076,2.13752475631571,3.08296544343523,2.87857259114583,2.39022799489001,1.97519563373766,2.44087107588606,2.23946577249114,1.87093719482422,2.31094217300415
"60",8.17309688254831,7.41750015751008,4.33594107413077,1.5134053132972,0.741515922546386,1.35904727262609,1.9397739817145,1.73028281882957,1.10782194137573,0.914881282619821,1.0510458511621,1.11709536038912,1.21120481791663,1.80949877129226,2.60519493950737,2.18114559467022,2.08043015741668,1.66017362386874,1.99127863103693,1.8859429610403,1.7843571152798,2.03299597537879
"61",8.23486328124999,5.81697927427686,3.88329792913989,1.99999032041575,1.64855266752697,2.40222085040549,3.03536531747104,2.51641434585492,0.898928138831143,-0.0508390972123645,0.0724961042560145,0.802549156775842,1.40886105984083,1.75828137934603,1.9802992625903,1.8539446512858,1.55364825274493,1.1181231907436,1.69635821145678,1.59756274933511,1.45282091413226,1.59241428375245
"62",8.23486328125,5.81697927427686,3.46674926251297,2.04055525905402,1.58020511750252,1.84002922576608,1.9919318099739,1.73110635446948,1.18055002312912,0.946862363547769,1.12683893761767,1.53819601400449,1.84277198641595,1.93403725805578,1.85199150884194,1.28067597346522,1.24324098846615,1.27464681276133,1.89729633737117,2.2128265668761,2.06769114527208,1.82361102495037
"63",8.23486328125,5.81697927427686,3.46674926251297,2.04055525905402,1.58020511750251,1.84002922576608,1.98665689156727,1.73110635446947,1.18055002312911,0.952527233623248,1.13097139839227,1.53819601400452,1.84280153343811,1.9340372580558,1.85199150884193,1.28067597346519,1.24324098846613,1.27464681276137,2.2069189774362,1.78371530420639,1.97091248978017,2.11984032078792
"64",8.23486328125,5.81697927427686,3.8832979291399,1.99999032041575,1.64855266752697,2.40222085040549,3.02734193413998,2.51641434585492,0.898928138831143,-0.0209848321115255,0.0971512105402456,0.802549156775849,1.41600265981779,1.99376424153646,2.69063544519169,2.46930065489653,2.350095960829,2.25937937266791,2.24005365786344,1.93957269013819,2.28469455603397,2.23558128131593
"65",8.23486328125,5.81697927427686,3.8832979291399,1.99999032041574,1.64855266752697,2.40222085040547,3.02596072521554,2.51641434585492,0.898928138831139,-0.0190716086191371,0.0980199712790459,0.802549156775858,1.41542662009831,1.99376424153645,2.6906354451917,2.46930065489654,2.35009596082899,2.25937937266791,2.36921772203947,2.03519617716472,2.09443120356206,1.81021825525145
"66",8.23486328125,5.81697927427686,3.46674926251297,1.59211172986387,1.0902541169023,1.26444649265992,1.61989642342326,1.81090661863618,1.66112623543575,1.44924687778994,1.3036128903275,1.32180677141469,1.46822785578971,2.08641246448871,3.29999226537231,2.24208544446292,2.00582054683136,1.16293199095016,1.38840944804849,1.89400769843423,1.5389185587565,2.1552544570551
"67",8.23486328124999,5.81697927427686,3.88329792913988,1.99999032041575,1.41348526325631,1.84542846679686,2.3643205182455,2.3631421374036,1.64211563602573,1.24002138772455,1.22673107467291,1.42465399380391,1.52585921494309,1.58913650512692,1.7104084792646,1.04161467375581,1.97325887559334,1.98583682552795,2.05377752130684,1.71506964300097,1.92962188720704,2.34524733931929
"68",8.23486328125,5.81697927427686,3.8832979291399,1.99999032041575,1.41348526325632,1.84542846679687,2.34587900361225,2.36314213740363,1.64211563602571,1.28105207813712,1.26338442715575,1.42465399380396,1.50797458536012,1.58913650512695,1.71040847926467,1.04161467375585,1.97325887559338,1.98583682552801,1.72807529994424,1.66664873543435,2.49055201212565,2.39439509465145
"69",8.23486328125,5.22451989937827,4.95395700555099,1.90991526316727,1.00200720147772,1.13296145484561,1.98942392472584,2.356719824686,1.37607890966157,1.58499838028793,1.77327233109252,1.37239791870117,1.41247257305525,1.85925549958882,2.43038662997159,1.85476527138362,2.06613940429687,1.91062094097488,1.85586148216611,1.58413939042525,1.56147664388021,1.79277069296613
"70",8.17309688254831,7.41750015751008,4.33594107413078,1.51340531329719,0.741515922546387,1.35904727262609,1.83533421563697,1.73028281882957,1.50089571768777,1.44242736936139,1.24774166372005,0.730157078334267,0.448563257059455,1.00157649342607,1.64849525640819,0.904668992565531,0.469657751230082,0.621284086312828,1.57523364555545,0.760896567838742,1.15204620361328,1.24845432889634
"71",8.17309688254831,7.41750015751008,4.33594107413077,1.51340531329719,0.741515922546386,1.35904727262609,1.83715177845009,1.73028281882957,1.50089571768777,1.43043470376682,1.2220067752961,0.730157078334268,0.476483686932579,1.00157649342607,1.64849525640819,0.904668992565534,0.469657751230096,0.621284086312822,1.57523364555544,1.07925627503214,0.905523740328268,0.807614936203251
"72",8.17309688254831,7.41750015751008,4.33594107413077,1.5134053132972,0.741515922546388,1.35904727262609,1.92194788849086,1.73028281882957,1.10782194137573,0.726596877222876,0.568516026416612,0.461570648193359,0.624088563277343,1.25148386195087,1.7424102247807,1.07362661650687,0.939298189603353,1.02643806913979,1.32622205596608,0.744815567792468,1.54773126889581,2.06946492749591
"73",8.17309688254831,7.41750015751008,4.33594107413077,1.51340531329719,0.741515922546387,1.35904727262609,1.92078541994887,1.73028281882957,1.10782194137573,0.696655574958759,0.521648196004067,0.461570648193357,0.660248813807473,1.25148386195085,1.7424102247807,1.07362661650687,0.939298189603367,1.02643806913979,1.32622205596609,1.53278978135851,0.994785988167544,1.41452317010789
"74",8.17309688254831,7.41750015751008,4.33594107413077,1.51340531329719,0.741515922546386,1.35904727262609,1.83831798600394,1.73028281882957,1.50089571768777,1.43083287030482,1.21741708261098,0.730157078334265,0.485550369955203,1.00157649342606,1.64849525640818,0.877232551574709,0.631911229605627,0.742385233729339,0.989184125264487,0.76661163626365,0.831370339464787,1.16517398864266
"75",8.17309688254831,7.41750015751008,4.33594107413077,1.5134053132972,0.741515922546387,1.35904727262609,1.83822138676038,1.73028281882957,1.50089571768777,1.43280112435659,1.22109794676526,0.730157078334259,0.481654445508832,1.00157649342607,1.64849525640819,0.877232551574708,0.631911229605624,0.742385233729339,0.989184125264486,0.541990086652232,0.555186843872071,0.839190815770349
"76",8.23486328125,5.22451989937827,4.95395700555099,1.90991526316727,1.00200720147772,1.13296145484561,1.85378616911369,2.356719824686,1.37607890966157,1.14636628994029,1.08232086139628,0.686419551236642,0.932704262217502,1.51777988009983,1.64830805829182,0.900626295988782,0.858866523293888,0.770675418883797,0.84375489063752,0.351442192540025,0.476091643910349,0.832996260951943
"77",8.23486328125,5.22451989937827,4.95395700555098,1.90991526316727,1.00200720147772,1.13296145484561,1.85359996279956,2.356719824686,1.37607890966157,1.14329790037148,1.07907967686575,0.686419551236642,0.940477561577599,1.51777988009983,1.64830805829182,0.900626295988782,0.858866523293888,0.770675418883797,0.843754890637521,0.919033658677254,0.584062211056973,0.640668984615442
"78",8.23486328125,5.22451989937827,4.95395700555099,1.90991526316727,1.16803559159811,1.65007357548528,1.98189612269465,1.99187194409014,1.44630295889718,1.62056220147003,1.57864047055302,1.09725341796875,1.08955979921534,1.5107446730946,2.14634638247282,1.79939725801542,1.75171382252763,1.50482649829506,1.59712797539419,1.30232435169787,0.973774281583091,1.44658251506526
"79",8.23486328125,5.22451989937827,4.95395700555099,1.90991526316727,1.16803559159811,1.65007357548528,1.98822536253069,1.99187194409014,1.44630295889718,1.6359131597144,1.59067499807584,1.09725341796875,1.09609217751698,1.5107446730946,2.14634638247283,1.79939725801542,1.75171382252763,1.50482649829506,1.59712797539419,1.47498225364365,1.22723712343158,1.55838367774052
"80",8.23486328125,5.81697927427687,3.8832979291399,1.99999032041577,1.41348526325632,1.84542846679686,2.56097733061129,2.73029414943008,1.8896022698818,1.35283496341999,1.23841547332758,1.45809507905766,1.72349635202726,2.25909881591797,3.14351857503252,2.04070775649139,2.19326089315365,1.95620920125723,2.12015691533816,1.94742952982585,2.21343774414061,2.45089971368962
"81",8.23486328125,5.81697927427687,3.88329792913992,1.99999032041576,1.41348526325633,1.84542846679688,2.56423765213427,2.7302941494301,1.88960226988181,1.34511532194549,1.23105256486984,1.45809507905759,1.72546736936241,2.25909881591799,3.14351857503246,2.04070775649129,2.19326089315364,1.9562092012572,2.1201569153382,2.32838168674046,2.30234235246604,2.6130625991529
"82",8.23486328125001,5.81697927427687,3.46674926251299,1.59211172986388,1.09025411690232,1.26444649265993,1.64052041945457,1.81090661863617,1.60408251213305,1.41632011758923,1.35950529554792,1.45026627632037,1.58642788237479,1.67730227383699,1.64589187946725,1.20077296665736,0.700363995951984,0.42576982770646,0.500548723448107,0.0330738628033585,0.165813025781665,0.943054406821313
"83",8.23486328125,5.81697927427686,3.46674926251296,1.59211172986387,1.0902541169023,1.26444649265992,1.63797122976001,1.81090661863618,1.60408251213305,1.41978903692739,1.36243946471019,1.45026627632037,1.58535439917491,1.677302273837,1.64589187946725,1.20077296665737,0.700363995951997,0.425769827706458,0.500548723448141,0.0907971184208794,0.237526951065973,0.52107367944466
"84",8.17309688254831,7.41750015751008,4.33594107413078,1.51340531329719,1.22010093737559,1.53932720681896,2.15122866533418,2.2445231413583,1.48417421850828,0.835915655759439,0.639417861085174,0.71329621498629,0.988432002110638,1.57402154171106,2.0360795033129,1.46145025727712,1.32271139962332,1.24053481130889,1.6766973907624,1.1080076200468,1.16116375689739,1.34684050484989
"85",8.17309688254831,7.41750015751008,4.33594107413077,1.5134053132972,1.2201009373756,1.53932720681896,2.15786637874553,2.2445231413583,1.48417421850828,0.838370498497349,0.634284270627273,0.713296214986292,0.998008616927074,1.57402154171106,2.0360795033129,1.46145025727713,1.32271139962332,1.24053481130889,1.67669739076241,1.58234026045076,1.6513229681521,1.83350170238598
"86",8.17309688254831,7.41750015751008,4.79982983155108,2.23132305723248,1.58471095004928,1.84134715687145,2.41168566735173,2.40277692396864,1.67605590820312,1.12437933243851,0.995977816228023,1.14100163157394,1.40813476475351,1.86989796655418,2.34562755766369,2.01997368324532,1.70084546959919,1.40977021567842,1.66145386566987,1.29996120339574,1.47261810302735,1.58747214292869
"87",8.17309688254831,7.41750015751008,4.79982983155108,2.23132305723248,1.58471095004928,1.84134715687145,2.41139625951256,2.40277692396864,1.67605590820313,1.12128961477896,0.990691244296217,1.14100163157394,1.41207382933607,1.86989796655418,2.34562755766369,2.0199736832453,1.70084546959918,1.40977021567843,1.66145386566987,1.32398617267608,1.70007512019231,1.53547380028702
"88",8.23486328125,5.22451989937827,4.95395700555099,1.90991526316727,1.16803559159811,1.65007357548528,2.16060944972676,2.44119961290474,2.09460945129395,2.1358898565217,1.92657827108667,1.48016721810868,1.73993823774581,2.10847998447106,2.20131387001227,1.80779075622559,1.80181815011161,1.72509542004815,1.80168372844828,1.74028316424911,1.46651532573085,1.75957203639373
"89",8.23486328125001,5.81697927427686,3.46674926251297,2.04055525905403,1.58020511750252,1.84002922576607,1.92053082740692,1.73110635446948,1.42081939697265,1.25411262790557,1.24291424318277,1.3286061162534,1.35960689240029,1.76788459546636,2.82544574300747,2.28512654839988,1.99585224873302,1.60078140451943,2.07738316312747,1.91237620408619,1.78847862012456,1.8582460645219
"90",8.23486328125,5.81697927427686,3.46674926251296,2.04055525905402,1.58020511750252,1.84002922576608,1.96484026336467,1.73110635446948,1.42081939697266,1.42564814744976,1.47637870931847,1.32860611625339,1.20516205786365,1.76788459546638,2.8254457430075,2.28512654839989,1.99585224873311,1.60078140451938,2.07738316312748,1.98390768031881,1.76878066289992,2.25843941293111
"91",8.23486328125,5.22451989937827,4.95395700555099,1.90991526316727,1.00200720147772,1.13296145484561,1.83123141302735,2.356719824686,1.37607890966157,1.07981866606106,1.04133555857948,0.686419551236642,0.774349507687537,1.11715801342114,1.19997117784288,0.593842532656609,0.448617609535775,0.537327319592029,1.01871953385599,0.419149305555557,0.16277379649026,0.591915967987805
"92",8.23486328125,5.22451989937827,4.95395700555099,1.90991526316727,1.00200720147772,1.13296145484561,1.83708869740813,2.35671982468601,1.37607890966157,1.10502421646653,1.05784611427193,0.686419551236643,0.782472117295709,1.11715801342114,1.19997117784288,0.593842532656609,0.448617609535775,0.537327319592029,1.018719533856,0.419149305555557,0.536825470577012,0.263576462689568
"93",8.17309688254831,7.41750015751009,4.79982983155108,2.23132305723248,1.58471095004928,1.84134715687145,2.41633983963145,2.40277692396863,1.67605590820313,1.19234478493507,1.25134007937271,1.65243770458081,2.05721541427963,2.379247751841,2.56617631062422,2.18270930018994,2.39139376341842,1.97702313109535,2.58585458431602,1.97798409691472,2.10468592788235,2.3212771816108
"94",8.17309688254831,7.41750015751008,4.79982983155108,2.23132305723248,1.58471095004928,1.84134715687144,2.41631473645594,2.40277692396864,1.67605590820313,1.19187047106881,1.25035397199441,1.65243770458081,2.0581467052353,2.37924775184101,2.56617631062423,2.18270930018995,2.39139376341842,1.97702313109531,2.58585458431605,1.97798409691468,2.24405517578125,2.50467509608115
"95",8.23486328125,5.22451989937827,4.95395700555098,1.90991526316727,1.00200720147772,1.13296145484561,1.83179647892506,2.35671982468601,1.37607890966157,1.06709261537836,1.00602079675637,0.686419551236642,0.98151232722774,1.51777988009983,1.64830805829182,0.900626295988783,0.361591233147515,0.389518774123419,0.576671304054631,0.594933412512955,0.411263052622477,0.590034121558779
"96",8.23486328125,5.22451989937827,4.95395700555099,1.90991526316727,1.00200720147772,1.13296145484561,1.84495966174431,2.35671982468601,1.37607890966157,1.11159329731031,1.04390859425024,0.686419551236642,0.983000041006853,1.51777988009983,1.64830805829182,0.900626295988782,0.361591233147515,0.389518774123419,0.576671304054631,0.594933412512954,0.994639382433535,1.08024827824083
"97",8.17309688254831,7.41750015751008,4.79982983155108,2.23132305723248,1.58471095004928,1.84134715687145,2.40348551655243,2.40277692396864,1.67605590820312,1.01728891537295,0.840332064014859,1.14100163157393,1.64120819535333,2.04907645089286,2.21647829430126,2.04372137055981,2.15021531125333,1.89312889462426,1.84161401465236,1.35004717604558,1.33672017537191,1.67674554412689
"98",8.17309688254831,7.41750015751007,4.79982983155108,2.23132305723248,1.58471095004928,1.84134715687145,2.40347541950558,2.40277692396864,1.67605590820312,1.01768492071753,0.840827815445162,1.14100163157393,1.64109381538589,2.04907645089286,2.21647829430126,2.0437213705598,2.15021531125332,1.89312889462426,1.84161401465235,1.35004717604559,1.40976786893956,1.85361744401642
"99",8.17309688254831,7.41750015751008,4.79982983155107,2.23132305723248,1.58471095004928,1.84134715687145,2.40216554942458,2.40277692396864,1.67605590820312,1.0201264030909,0.845169083551562,1.14100163157394,1.63820575013093,2.04907645089285,2.21647829430126,2.0437213705598,2.28343378546779,2.08618419898484,2.21437888921693,1.75169646434294,1.19429178440825,1.71945465588179
"100",8.17309688254831,7.41750015751008,4.79982983155108,2.23132305723248,1.58471095004929,1.84134715687145,2.40299312034372,2.40277692396864,1.67605590820312,1.01728703522406,0.83994014295925,1.14100163157394,1.64303246925258,2.04907645089286,2.21647829430126,2.0437213705598,2.28343378546778,2.08618419898484,2.21437888921692,1.75169646434295,2.35451070671408,2.84841841685621
"101",8.17309688254831,7.41750015751008,4.79982983155108,2.23132305723248,2.0351834122423,1.5515898941828,1.76426318921056,1.92953436957465,0.95803996494838,0.257811722684107,0.536432164621097,1.22346029990961,1.75528301070261,2.18240045787332,2.44772997769443,2.27620206823672,2.3783581998833,2.57738263679273,2.44446371755292,2.4123200761511,2.72634601593017,3.01370815061173
"102",8.17309688254831,7.41750015751008,4.79982983155108,2.23132305723248,2.03518341224231,1.5515898941828,1.76933630028864,1.92953436957465,0.958039964948383,0.259292683383576,0.533405410810487,1.22346029990961,1.75928319293257,2.18240045787332,2.44772997769443,2.27620206823671,2.3783581998833,2.57738263679273,2.44446371755292,2.4123200761511,2.55745322487571,3.06145794471998
"103",8.23486328125,5.81697927427685,3.88329792913989,1.99999032041575,1.64855266752697,3.24830796983507,3.93485426880839,2.90287327122044,1.63685591502856,1.21181209773778,1.16281828841794,0.89745453355226,0.82048741782609,1.5452093676986,2.46252536773682,2.17375288338497,1.97438837270267,2.21136586259051,2.36916783344315,1.7323152642501,1.77152782937755,2.42177945431148
"104",8.23486328125,5.81697927427686,3.88329792913989,1.99999032041575,1.64855266752697,3.24830796983507,3.93747385442007,2.90287327122044,1.63685591502856,1.21585493663093,1.16780647122887,0.897454533552261,0.816084009287186,1.5452093676986,2.46252536773682,2.17375288338497,1.97438837270268,2.21136586259051,2.36916783344315,1.7323152642501,1.86894503048938,2.00307727250897
"105",8.23486328125,5.22451989937827,4.95395700555099,1.90991526316727,1.00200720147772,1.13296145484561,1.88305998488294,2.35671982468601,1.37607890966157,1.31361909419067,1.55415584521813,1.3370997417404,1.21806860605331,1.3469194224183,1.67785879281851,1.48792657326526,1.51583242161389,1.35295552911508,1.29964625581782,0.7429543692821,0.338837429695604,0.519187468648608
"106",8.23486328125,5.22451989937827,4.95395700555099,1.90991526316727,1.00200720147772,1.13296145484561,1.88918092941209,2.356719824686,1.37607890966157,1.33022314679512,1.56475467066576,1.3370997417404,1.2222399579955,1.3469194224183,1.67785879281851,1.48792657326526,1.51583242161389,1.35295552911508,1.29964625581782,0.7429543692821,0.59792401921397,0.512104601266393
"107",8.23486328125,5.81697927427686,3.46674926251297,1.59211172986386,1.09025411690231,1.26444649265992,1.65632689956317,1.81090661863618,1.66112623543575,1.8246374700595,1.83831330507298,1.32180677141462,0.930200589239832,2.08641246448864,3.29999226537244,2.24208544446277,2.0058205468314,1.16293199095007,2.27252692577103,1.90696903697232,1.70724294562089,1.82047058105469
"108",8.23486328125,5.81697927427686,3.46674926251297,1.59211172986386,1.09025411690231,1.26444649265992,1.66682338775389,1.81090661863618,1.66112623543575,1.84992169523779,1.84616876350386,1.32180677141462,0.954904861998808,2.08641246448864,3.29999226537244,2.24208544446277,2.0058205468314,1.16293199095008,2.27252692577102,1.90696903697232,2.01991780598958,2.26071606094031
"109",8.17309688254831,9.07360869689792,5.76110792160034,2.2009529035116,1.73152701462371,2.19972042921113,2.6177989236344,2.66114666445035,2.11472795870357,1.58224043790184,1.45181750349517,1.74695544590766,2.24621097212579,2.42575624254015,2.24074060776654,2.24647513049388,2.42995493510771,2.45252071913853,2.6705673589939,2.25257621433424,2.04658813476563,2.40554031671262
"110",8.17309688254831,9.07360869689793,5.76110792160034,2.2009529035116,1.73152701462372,2.19972042921113,2.61758071223949,2.66114666445035,2.11472795870357,1.58153807015257,1.45096811472836,1.74695544590766,2.24658136335154,2.42575624254015,2.24074060776654,2.24647513049388,2.42995493510771,2.45252071913852,2.6705673589939,2.25257621433424,2.17340136331225,2.44080998347356
"111",8.17309688254831,7.41750015751008,4.33594107413077,1.51340531329719,0.741515922546387,1.35904727262609,1.84742276101272,1.73028281882957,1.50089571768777,1.57634234848348,1.46719488353471,0.730157078334265,0.484866246751092,1.97994574185075,3.15230282870205,1.61960790490592,1.41393405951342,1.35496613786027,1.49622974698505,0.226071598218835,0.560542267638366,1.19996733794341
"112",8.17309688254831,7.41750015751008,4.33594107413077,1.51340531329719,0.741515922546387,1.35904727262609,1.8481873715241,1.73028281882957,1.50089571768778,1.57934118390149,1.46987533779054,0.730157078334266,0.486112416353892,1.97994574185075,3.15230282870206,1.61960790490592,1.41393405951342,1.35496613786028,1.49622974698506,0.22607159821883,0.56054226763837,1.3909316879135
"113",8.23486328125,5.81697927427686,3.8832979291399,1.99999032041574,1.64855266752697,2.40222085040548,3.02953796745984,2.51641434585493,0.898928138831136,-0.0444942190986011,0.0735710025162196,0.802549156775844,1.4102273670272,1.75828137934602,1.98029926259032,1.8539446512858,1.55364825274494,1.11812319074358,2.06843453866461,1.52383502561651,1.55559066987372,1.8820465405782
"114",8.23486328124999,5.81697927427685,3.88329792913988,1.99999032041575,1.64855266752696,2.40222085040548,3.03442210144319,2.51641434585492,0.898928138831141,-0.0489784951668204,0.0729462037342563,0.802549156775841,1.40935223981335,1.75828137934604,1.98029926259031,1.85394465128582,1.55364825274495,1.11812319074363,2.06843453866464,1.52383502561656,1.55559066987375,2.02000226878157
"115",8.23486328125,5.81697927427686,3.46674926251297,2.04055525905402,1.58020511750252,1.84002922576608,1.97414999952946,1.73110635446948,1.18055002312911,0.88862125313641,0.891790457922535,1.06170001272429,1.16300600798199,1.28998347101985,1.55903494229879,1.19215982002128,1.22336901151218,0.991595173439808,1.98054689781686,1.82126205579369,1.71102513304544,2.07278457490526
"116",8.23486328125,5.81697927427686,3.46674926251297,2.04055525905402,1.58020511750251,1.84002922576608,1.97377626863076,1.73110635446948,1.18055002312911,0.88800027668845,0.890847841403401,1.0617000127243,1.16332246199248,1.28998347101985,1.55903494229877,1.19215982002124,1.22336901151215,0.991595173439777,1.98054689781683,1.82126205579372,1.71102513304542,1.6757120084362
"117",8.23486328125,5.22451989937827,4.95395700555099,1.90991526316727,1.00200720147772,1.13296145484561,2.00624575135577,2.35671982468601,1.37607890966157,1.62439606975976,1.80295821412973,1.37239791870117,1.42442905366723,1.85925549958882,2.43038662997159,1.85476527138362,2.06613940429688,1.91062094097488,2.1204090733682,1.84042884121422,1.67111639328945,1.97121879702709
"118",8.23486328125,5.22451989937827,4.95395700555099,1.90991526316727,1.00200720147772,1.13296145484561,2.00506790792976,2.356719824686,1.37607890966157,1.62154178380257,1.80054845582522,1.37239791870117,1.42370919545578,1.85925549958882,2.43038662997159,1.85476527138362,2.06613940429687,1.91062094097488,2.1204090733682,1.84042884121422,1.67111639328945,1.90854570202361
"119",8.23486328125,5.22451989937827,4.95395700555099,1.90991526316727,1.16803559159811,1.65007357548528,1.99952901604852,1.99187194409014,1.44630295889718,1.662145721042,1.60706621531008,1.09725341796875,1.13974473396017,1.5107446730946,2.02101052773965,1.67164294903095,1.72719229084172,1.69126724507767,1.77080527316318,1.6956815571365,1.70962668364903,1.79425574993265
"120",8.23486328125,5.22451989937827,4.95395700555099,1.90991526316727,1.16803559159811,1.65007357548528,2.00145425628842,1.99187194409014,1.44630295889718,1.66712559112576,1.61139186573057,1.09725341796875,1.14069139291776,1.5107446730946,2.02101052773965,1.67164294903095,1.72719229084172,1.69126724507767,1.77080527316318,1.6956815571365,1.70962668364903,1.91860659067867
"121",8.17309688254831,9.07360869689792,5.76110792160034,2.2009529035116,1.73152701462371,2.19972042921113,2.62817143617569,2.66114666445036,2.11472795870358,1.65653876182277,1.60444474397094,1.82490353183892,2.18380163536105,2.52279574884845,2.65898265653444,2.51098264496902,2.27081539468526,2.19743516710069,2.2105667917352,1.98722175315574,2.04961958087859,2.44343556072695
"122",8.17309688254831,9.07360869689792,5.76110792160034,2.2009529035116,1.73152701462371,2.19972042921113,2.62811530982272,2.66114666445035,2.11472795870357,1.65505212602576,1.60273582070547,1.82490353183892,2.18413965841289,2.52279574884845,2.65898265653444,2.51098264496902,2.27081539468526,2.1974351671007,2.2105667917352,1.98722175315574,2.04961958087859,2.31912650770813
"123",8.17309688254831,9.07360869689792,5.76110792160034,2.2009529035116,1.73152701462371,2.19972042921113,2.62516387356319,2.66114666445036,2.11472795870357,1.65958309784255,1.60829409695845,1.82490353183892,2.18476375728805,2.52279574884845,2.65898265653444,2.51098264496902,2.27081539468526,2.2607966361286,2.35184151785714,1.92201318473459,2.11288594090661,2.64659753507071
"124",8.17309688254831,9.07360869689792,5.76110792160034,2.2009529035116,1.73152701462372,2.19972042921113,2.62487491020898,2.66114666445036,2.11472795870357,1.65831762287665,1.6069477551449,1.82490353183892,2.18500948765045,2.52279574884845,2.65898265653444,2.51098264496902,2.27081539468526,2.2607966361286,2.35184151785714,1.9220131847346,2.11288594090661,2.5278556577621
"125",8.17309688254831,7.41750015751008,4.33594107413077,1.51340531329719,0.741515922546386,1.35904727262609,1.94044697782581,1.73028281882957,1.10782194137573,0.920451872768516,1.05994236069761,1.11709536038912,1.20481679227116,1.80949877129227,2.60519493950738,2.18114559467022,2.08043015741668,1.66017362386874,2.10985819498699,1.95738831854067,1.93369735426204,2.4265512002481
"126",8.17309688254831,7.41750015751008,4.33594107413077,1.5134053132972,0.741515922546387,1.35904727262609,1.94011714296992,1.73028281882957,1.10782194137573,0.917684982665126,1.05558670744552,1.11709536038912,1.20776478680657,1.80949877129226,2.60519493950738,2.18114559467023,2.08043015741669,1.66017362386874,2.10985819498697,1.95738831854067,1.93369735426204,2.26784526437953
"127",8.23486328125,5.22451989937827,4.95395700555099,1.90991526316727,1.00200720147772,1.13296145484561,2.01213159366883,2.35671982468601,1.37607890966157,1.63813079381495,1.80375748485325,1.37239791870117,1.55130541093847,1.85925549958882,2.43038662997159,2.375531816816,1.77635080437911,1.96983116677722,2.69942927126025,2.32858544653589,2.00020404023249,2.21214810075431
"128",8.23486328125,5.22451989937827,4.95395700555099,1.90991526316727,1.00200720147772,1.13296145484561,2.00903734348065,2.35671982468601,1.37607890966157,1.63044112876276,1.79711859766897,1.37239791870117,1.54972933395492,1.85925549958882,2.43038662997159,2.375531816816,1.77635080437911,1.96983116677722,2.69942927126025,2.32858544653589,2.00020404023249,2.03035207408098
"129",8.17309688254831,9.07360869689792,5.27322339254712,1.99990138722889,2.03976841976768,1.48188700358073,1.71368259402085,2.37925190172697,1.71314121791295,1.29277182777764,1.46275606109452,1.56997392998367,1.9190096085802,2.46147854045286,2.37205517776613,2.12381977937659,2.71586339613971,2.1166246202257,2.3162762677228,2.55895827720905,2.6499781889074,2.87579243977865
"130",8.17309688254831,9.07360869689792,5.27322339254712,1.99990138722889,2.03976841976768,1.48188700358073,1.71507010470807,2.37925190172697,1.71314121791295,1.29795960607903,1.46774767880967,1.56997392998367,1.91817592208276,2.46147854045286,2.37205517776613,2.12381977937659,2.71586339613971,2.11662462022569,2.3162762677228,2.55895827720905,2.6499781889074,3.01936498181573
"131",8.17309688254831,9.07360869689792,5.27322339254712,1.9999013872289,2.03976841976768,1.48188700358073,1.71839270132334,2.37925190172697,1.71314121791295,1.3156961025034,1.48573477880566,1.56997392998367,1.90968635072244,2.46147854045286,2.37205517776613,2.12381977937659,2.71586339613971,2.11662462022569,2.18149122301039,2.01103929969353,2.55230856502757,2.93747351780411
"132",8.17309688254831,9.07360869689792,5.27322339254712,1.99990138722889,2.03976841976768,1.48188700358073,1.7186782314234,2.37925190172697,1.71314121791295,1.31573731601966,1.48579043426232,1.56997392998367,1.91058148150893,2.46147854045286,2.37205517776613,2.12381977937659,2.71586339613971,2.11662462022569,2.18149122301039,2.01103929969353,2.55230856502757,3.14499619427849
"133",8.17309688254831,9.07360869689792,5.76110792160034,2.2009529035116,1.73152701462372,2.19972042921113,2.62945773975779,2.66114666445035,2.11472795870357,1.79481342314928,1.83501994253693,1.82490353183892,1.90039392353177,2.413330078125,2.92485788327839,2.7397216796875,2.74677203950428,2.56491194100215,2.70850937336559,1.95171517699304,2.18765770461031,2.79561047221339
"134",8.17309688254831,7.41750015751008,4.79982983155108,2.23132305723248,2.03518341224231,1.55158989418281,1.76269250562877,1.92953436957465,0.958039964948382,0.251491722510065,0.527914459368786,1.22346029990961,1.76136154187228,2.18240045787331,2.44772997769442,2.27620206823671,2.3783581998833,2.57738263679273,2.85572441050549,2.52857999981574,2.63431695597061,2.77367824978299
"135",8.23486328125,5.22451989937827,4.95395700555099,1.90991526316727,1.1680355915981,1.65007357548528,1.95662256019292,1.99187194409014,1.55887811834162,1.70205472553998,1.51719480801799,1.01075870289522,1.32562429928368,1.83790652491465,2.04486562244928,1.60494287029591,1.44738947202082,1.49893230281464,1.74334417604933,1.18935528923484,1.2359972592801,1.81988745469313
"136",8.23486328125,5.22451989937827,4.95395700555099,1.90991526316727,1.16803559159811,1.65007357548528,1.95538342922972,1.99187194409014,1.55887811834162,1.69874042383936,1.51428519779489,1.01075870289522,1.32510950102653,1.83790652491465,2.04486562244928,1.60494287029591,1.44738947202082,1.49893230281464,1.74334417604933,1.18935528923484,1.2359972592801,1.72996842233758
"137",8.23486328125,5.81697927427687,3.8832979291399,1.99999032041575,1.41348526325632,1.84542846679687,2.57007638253058,2.73029414943006,1.88960226988182,1.2686634443216,1.12341080387948,1.46216643090336,2.02687179528179,2.77643210671168,3.56409804885449,2.78078849948185,2.93633100721572,2.54186331612728,1.89676836624892,1.90688206599306,1.63381871310147,1.73010857160701
"138",8.23486328125,5.81697927427686,3.8832979291399,1.99999032041575,1.64855266752697,3.24830796983507,3.86949189507803,2.90287327122044,1.74942279118363,1.2290518678878,1.16505215322069,1.27458227686135,1.61285296315929,2.07116239814348,2.29564094543457,2.09012603759766,2.43007343947286,2.7601808988131,2.90821616880355,2.22416970896167,2.38818032400948,2.6937589423601
"139",8.17309688254831,9.07360869689792,5.27322339254712,1.9999013872289,2.03976841976768,1.48188700358073,1.69643349581704,2.37925190172697,1.71314121791295,1.19714598501267,1.37857771376054,1.56997392998367,1.78204159932611,2.17051766588797,2.53170565901131,2.58994445800781,2.61513568631452,2.62748819986979,2.83183508253283,2.7676099248293,2.7655757780998,3.14964520489728
"140",8.17309688254831,9.07360869689792,5.27322339254712,1.99990138722889,1.79832234700521,1.16977184603673,1.560654162594,2.06080288357205,0.806381777713173,0.100053838575198,0.523839442955513,1.19771270751953,2.12086266590291,2.87624274359809,2.89596342429137,2.68925580111417,2.66096544913037,2.31492709657222,2.60893928917655,2.08718690777769,2.01524204678006,2.19054289787046
"141",8.17309688254831,9.07360869689792,5.27322339254712,1.99990138722889,1.79832234700521,1.16977184603673,1.57994126937412,2.06080288357205,0.806381777713174,0.333811239382583,1.16754000613895,1.99771292167797,2.62606329539617,3.24366505940755,3.47935360767802,3.01316833496094,2.39391581217448,2.153264132413,2.52181114340728,2.25373024164244,2.3614872030543,2.49318192644817
"142",8.23486328125,5.81697927427686,3.46674926251296,1.59211172986387,1.09025411690231,1.26444649265991,1.62976120169447,1.81090661863618,1.66112623543573,1.48909191380832,1.41782017995258,1.5018245697021,1.67036816412883,2.14861398719878,3.00700569152831,2.17722161610921,2.06586556356462,2.36637259220736,2.52968962987264,2.02913191511823,1.82333520742564,1.96342353410619
"143",8.23486328124999,5.81697927427686,3.46674926251297,1.59211172986387,1.09025411690231,1.26444649265993,1.66743033970933,1.65455643503289,0.983140580197606,0.431596611787359,0.269689383813359,0.527043231697984,0.976046064126495,1.58097741263255,2.24936526847284,1.4712617492676,1.3893529256185,1.62120906642227,2.10750990647535,1.70212156381181,1.66180826822917,1.83081928427288
"144",8.23486328125,5.81697927427686,3.8832979291399,1.99999032041575,1.64855266752697,3.24830796983507,3.85806716287783,2.90287327122044,1.63685591502856,1.40961898610674,1.05797044252438,0.433371388320381,0.812247650110751,1.74588987999356,2.893154296875,2.48682143267464,1.68387782016647,3.14425576699746,2.3740395599941,2.35652863577511,2.14801831054687,3.00768868582589
"145",8.17309688254831,7.41750015751008,4.33594107413077,1.5134053132972,0.741515922546388,1.35904727262609,1.92377507554611,1.73028281882957,1.10782194137573,0.754489134876531,0.804837630223598,1.11709536038912,1.62359199307636,2.29274338942308,2.84022968947285,2.67843130360479,2.38890659107882,2.0945824975366,1.88160537719727,1.88893483479818,1.67328294323337,1.87141372218277
"146",8.23486328125,5.22451989937827,4.95395700555099,1.90991526316727,1.00200720147772,1.13296145484561,2.28517406438859,2.66659463861937,1.22248954772949,1.52427234227662,1.72514246394472,1.19468425403942,1.72564468997253,2.31957350106075,2.47528784615653,2.18254964192708,2.14476510752802,1.9626756751019,2.83235189649794,2.56364807128906,2.12727817736174,2.57531517876519
"147",8.23486328125,5.22451989937827,4.95395700555099,1.90991526316727,1.00200720147772,1.13296145484561,2.26039484366457,2.66659463861937,1.22248954772949,1.43206200521725,1.56587753852756,1.02690439005844,1.6569891601681,2.28232551343513,2.68866677717729,2.86059871939726,2.51503566054047,2.32489562034607,1.72884744311136,1.99468554872455,1.99786432948681,2.11627340724326
"148",8.23486328125,5.81697927427686,3.8832979291399,1.99999032041575,1.64855266752697,2.40222085040548,3.06783676207821,2.51641434585492,0.898928138831142,0.0778453194380224,0.417704112480011,1.24297549860264,1.79717642802923,2.13752475631571,2.49124586317274,2.42264250282929,2.07780305631868,2.25736004373301,2.40291186200072,1.95553773822206,1.77430529927099,2.23896986438382
"149",8.23486328125001,5.81697927427686,3.88329792913988,1.99999032041574,1.64855266752697,2.40222085040548,3.04840844590999,2.51641434585492,0.898928138831142,0.0763477630726129,0.395988907423674,1.24297549860264,1.81694362664186,2.13752475631572,2.49124586317274,2.42264250282929,2.32378617252212,2.18716198884989,2.17943138412282,1.83153053566261,2.03199439712717,2.40133231026785
"150",8.23486328125,5.81697927427686,3.46674926251297,1.59211172986386,1.09025411690231,1.26444649265992,1.67224202221839,1.81090661863618,1.60408251213305,1.64193316952331,1.27562013339934,0.641632944742839,0.78429863000427,1.69422226652093,2.39912605285644,1.87714445992802,1.47224008220516,0.896715616442493,2.29184951782227,1.15850385030111,2.03070841207133,2.18631899798358
"151",8.23486328125,5.81697927427687,3.46674926251297,1.59211172986386,1.09025411690231,1.26444649265992,1.62576642246932,1.81090661863619,1.60408251213304,1.15396699287668,0.738012880546104,0.641632944742757,1.03866525232861,1.69422226652092,2.22790745326444,1.80938343166081,2.75474330357133,2.09594381423225,2.15727178400211,2.56387465747432,2.46676503057061,2.75308336530416
"152",8.2348632812503,5.22451989937831,4.39206136067716,2.13336806186424,1.65878593073368,2.14438014174951,1.97051522725104,1.59563774898205,1.30270931359494,1.29754314739613,1.43552777473151,1.61454684863136,1.75225968836281,1.93280521515942,2.22736895860316,1.85192233615506,1.9864217696654,2.66075270516531,2.20604227357005,2.11033178258814,2.17290962033183,2.43089268275683
"153",8.23486328125,5.22451989937827,4.95395700555099,1.90991526316727,1.16803559159811,1.65007357548528,2.16189056888065,2.44119961290474,2.09460945129395,2.13078821133281,1.92225246170107,1.48016721810868,1.73710680587309,2.10847998447106,2.20131387001227,1.80779075622559,1.80181815011161,1.72509542004816,1.80168372844828,1.29309771137853,1.5634358263663,1.6410833659925
"154",8.23486328125,5.22451989937827,4.95395700555099,1.90991526316727,1.16803559159811,1.65007357548528,2.16328166412065,2.44119961290474,2.09460945129395,2.13537080931636,1.92635439917545,1.48016721810868,1.73730253778094,2.10847998447105,2.20131387001227,1.80779075622559,1.80181815011161,1.72509542004815,1.80168372844828,1.29309771137853,1.5634358263663,1.78777133352388
"155",8.23486328125001,5.81697927427687,3.8832979291399,1.99999032041576,1.41348526325631,1.84542846679687,2.37225767818523,2.36314213740362,1.64211563602572,0.960841000450749,0.633370999178289,0.711031108883229,0.976407388366977,1.31263020164089,1.62297067949849,0.740854046301941,1.3748195028713,1.42051321362691,1.78333733298563,1.27649125598723,0.96405253690831,1.84951416015624
"156",8.23486328125,5.22451989937827,4.39206136067708,2.1333680618641,1.65878593073356,2.31770703471299,2.5746205374427,1.84810990896838,0.394992646716889,0.4814532760494,0.849818215920749,0.691957062365961,1.07283094947984,1.48763319162222,1.60408234177974,1.60408257818841,1.60408241965554,1.60408244413488,1.87138168334961,2.09008137096058,1.60408241965554,3.58407818829572
"157",8.23486328125,5.22451989937827,4.95395700555099,1.90991526316727,1.00200720147772,1.13296145484561,2.30021187554884,2.66659463861937,1.22248954772949,1.60288979190617,1.79031963798655,1.19468425403942,1.58632932354505,2.05739881171555,2.29634232954545,2.03169438610338,2.7308230082194,2.06869861997407,2.58105260675604,2.07418060302734,2.04683440586306,2.32988097175719
"158",8.23486328125,5.22451989937827,4.39206136067708,2.1333680618641,1.65878593073355,2.31770703471299,2.5901408194924,1.84810990896838,0.394992646716889,0.495840235020946,1.20341553064122,1.45025916033626,1.85701227776438,2.22772005288908,2.29812240600586,2.28739678681786,2.16205777620014,1.99192193838266,2.23634090939084,2.26385354434743,2.07488530225093,2.75293871821189
"159",8.23486328125,5.22451989937827,4.39206136067708,2.1333680618641,1.65878593073355,2.31770703471299,2.58722427545252,1.84810990896838,0.394992646716889,0.444165256368414,1.15748810471786,1.45025916033626,1.83238245259545,2.22772005288908,2.54279613494873,2.61765870593843,2.1298588679387,1.83258598895112,1.9400234076813,2.16544745220401,2.17898623593204,2.30743292103643
"160",8.23486328125,5.81697927427686,3.46674926251297,2.04055525905402,1.58020511750252,1.84002922576607,1.9337932568497,1.73110635446948,1.42081939697266,0.945479097105176,0.699885158707178,0.934772033691387,1.61583601562002,2.12662139305702,1.98018855838985,1.33763133009825,1.4387445111647,1.84847650772481,1.58399516138541,2.18927186287488,1.89532004462348,2.16040584019251
"161",8.23486328125,5.22451989937827,4.95395700555099,1.90991526316727,1.1680355915981,1.65007357548528,2.21741543333594,2.44119961290474,2.09460945129395,2.24800736602509,2.12558015633069,1.6146240234375,1.38618119231726,1.61649637554415,2.52309916931906,1.86741532035496,2.03047723639501,1.70990492876838,2.02724537950881,1.89331159920528,1.93494207208807,2.27180848638695
"162",8.23486328125,5.22451989937827,4.95395700555099,1.90991526316727,1.16803559159811,1.65007357548528,2.21399744517232,2.44119961290474,2.09460945129394,2.2411472016532,2.12007573476814,1.6146240234375,1.38249426049825,1.61649637554415,2.52309916931906,1.86741532035496,2.03047723639501,1.70990492876838,2.11255944293478,1.90683575798484,1.62075190183495,2.16821892706903
"163",8.17309688254831,9.07360869689792,5.76110792160034,2.2009529035116,1.73152701462372,2.19972042921113,2.62969281595433,2.66114666445035,2.11472795870357,1.79568448805019,1.83594239979057,1.82490353183892,1.90019112030771,2.413330078125,2.92485788327838,2.7397216796875,2.74677203950428,2.56491194100216,2.70850937336558,1.95171517699304,2.18765770461031,2.86677850741092
"164",8.23486328125,5.81697927427686,3.46674926251297,2.04055525905402,1.58020511750252,1.84002922576608,1.93618763425803,1.73110635446948,1.42081939697266,1.09015492291278,1.01641159795595,1.32860611625339,1.92835324298853,2.40397180378108,2.45035480135049,2.18812716209282,2.07510584643762,1.87695795512029,2.63309155977688,2.54056661269242,2.34557371211231,2.51263109452887
"165",8.23486328125,5.81697927427686,3.46674926251298,2.04055525905402,1.58020511750252,1.84002922576608,1.93096269030119,1.73110635446948,1.42081939697266,1.09963834872975,1.0275625458499,1.3286061162534,1.92272594240586,2.40397180378108,2.45035480135049,2.18812716209285,2.07510584643761,1.87695795512033,2.47314056792817,2.08753087965109,2.24112873408145,2.15868033943592
"166",8.17309688254831,7.41750015751008,4.79982983155108,2.23132305723248,2.03518341224231,1.5515898941828,1.76195861411217,1.92953436957465,0.958039964948381,0.250695711854912,0.527609699249929,1.22346029990961,1.7609775604313,2.18240045787332,2.44772997769443,2.27620206823672,2.3783581998833,2.57738263679273,2.85572441050548,2.52857999981574,2.63431695597061,2.63817565081871
"167",8.23486328125001,5.81697927427687,3.88329792913989,1.99999032041575,1.64855266752697,2.40222085040549,3.09882282861828,2.51641434585492,0.898928138831141,0.209604298153184,0.62532253461022,1.24297549860264,1.55389456010972,2.13752475631572,3.08296544343522,2.87857259114583,2.39022799489001,2.38433958513463,2.48335415709252,2.6033447265625,2.64419219970703,2.53993030060503
"168",8.23486328125,5.81697927427687,3.8832979291399,1.99999032041575,1.64855266752697,2.40222085040549,3.10821844754132,2.51641434585492,0.898928138831144,0.223292931137221,0.654790185954372,1.24297549860265,1.53108988283819,2.13752475631571,3.08296544343523,2.87857259114584,2.39022799489001,2.38433958513463,2.32536577755177,1.97657121930804,1.80278970469599,2.24278477260045
"169",8.17309688254831,7.41750015751008,4.79982983155108,2.23132305723248,1.58471095004928,1.84134715687145,2.41694421124151,2.40277692396864,1.67605590820312,1.21451218166785,1.29079553912421,1.6524377045808,2.01432211283637,2.37924775184101,2.69588227905979,2.58029851302725,2.38929839002285,2.46551877457574,2.53728904724121,2.18334334417684,2.44691444845761,2.65538846529447
"170",8.17309688254831,7.41750015751008,4.79982983155108,2.23132305723248,1.58471095004928,1.84134715687145,2.41701617424264,2.40277692396864,1.67605590820313,1.21527790138125,1.29221762256527,1.6524377045808,2.01309228226373,2.37924775184101,2.69588227905979,2.58029851302724,2.38929839002285,2.46551877457575,2.53728904724121,2.18334334417685,2.11182403564453,2.51733602739278
