,ID,uID,motherID,daughter1ID,daughter2ID,cenX,cenY,Z,cellNo,intensity,area,ATP_Class
0,0,0,-1,1,2,486.1991814461119,349.97407912687584,0,0,4.209246422182469,733,high
1,1,1,0,5,814,482.05391304347825,337.175652173913,1,0,4.618514476102941,575,high
2,2,2,0,6,3,504.8519230769231,344.7423076923077,1,1,5.043303807576497,520,high
3,3,3,2,4,-2,349.7546468401487,404.18959107806694,2,1,3.6542282104492188,269,high
4,3,4,3,29,31,346.7039800995025,410.02985074626866,3,4,6.873693331866197,402,high
5,4,5,1,10,12,378.6465753424658,386.3068493150685,2,2,3.2903328233092797,365,low
6,5,6,2,7,-2,446.56092297805026,370.88914870476566,2,3,4.1547330443622075,257,high
7,5,7,6,34,36,388.2699228791774,397.03598971722363,3,5,6.389405221650095,389,high
8,6,8,814,15,19,330.6,394.21311475409834,3,0,5.066532529633621,305,high
9,7,9,814,22,27,352.6666666666667,387.6666666666667,3,1,5.028026618579827,306,high
10,8,10,5,11,-2,365.8655462184874,391.4579831932773,3,2,5.312256652039367,238,high
11,8,11,10,38,40,368.0610465116279,385.67732558139534,4,6,2.4593057383661683,344,low
12,9,12,5,13,-2,391.3286219081272,382.5583038869258,3,3,4.811648544387438,283,high
13,9,13,12,14,-2,390.00887573964496,384.50887573964496,4,8,2.80221450537966,338,low
14,9,14,13,70,63,393.61611374407585,383.33175355450237,5,10,3.966754619891827,422,high
15,10,15,8,16,-2,325.9641025641026,396.0615384615385,4,0,2.94175,195,low
16,10,16,15,17,-2,328.50396825396825,393.17063492063494,5,1,3.2901087143841914,252,low
17,10,17,16,18,-2,325.2,389.80350877192984,6,1,2.8743070162259614,285,low
18,10,18,17,128,135,320.2310126582278,389.2151898734177,7,1,3.4158316434285285,316,low
19,11,19,8,20,-2,340.9855072463768,378.7826086956522,4,2,3.1527138038917824,207,low
20,11,20,19,21,-2,347.469696969697,370.6098484848485,5,3,3.1968863603007587,264,low
21,11,21,20,72,76,349.0057803468208,362.88439306358384,6,2,2.9960164037244073,346,low
22,12,22,9,23,-2,341.8265306122449,396.3724489795918,4,3,2.536553519112723,196,low
23,12,23,22,24,-2,342.3968871595331,394.6342412451362,5,2,3.164843165232036,257,low
24,12,24,23,25,-2,338.9916666666667,391.1722222222222,6,14,2.5894097222222223,360,low
25,12,25,24,26,-2,337.2210953346856,388.49898580121703,7,19,3.44826171875,493,low
26,12,26,25,1000,1003,325.4913294797688,390.23121387283237,8,3,2.566259551466557,346,low
27,13,27,9,28,-2,358.5,377.2616822429907,4,5,2.432563228883605,214,low
28,13,28,27,68,815,367.7381703470032,370.5646687697161,5,6,3.040223887268926,317,low
29,14,29,4,30,-2,335.8453237410072,413.068345323741,4,1,2.5678679797114157,278,low
30,14,30,29,42,44,339.9466019417476,416.6092233009709,5,0,2.7968836890326605,412,low
31,15,31,4,32,-2,358.8008130081301,409.4674796747967,4,4,3.2708293635670733,246,low
32,15,32,31,33,-2,360.54901960784315,410.33660130718954,5,4,4.323908537336924,306,high
33,15,33,32,818,79,361.8245192307692,409.9855769230769,6,15,3.15574549961757,416,low
34,16,34,7,35,-2,378.75471698113205,404.6377358490566,4,7,3.055672878689236,265,low
35,16,35,34,46,49,381.65507246376814,406.4782608695652,5,7,3.262453725647228,345,low
36,17,36,7,37,-2,401.62890625,391.8671875,4,9,3.477864335222942,256,high
37,17,37,36,52,60,404.51419558359623,391.55835962145113,5,9,3.9320964721089977,317,high
38,18,38,11,39,-2,361.6854460093897,390.05164319248826,5,5,3.708195748089029,213,high
39,18,39,38,82,94,358.73664122137404,385.70992366412213,6,4,3.1955441394484185,262,low
40,19,40,11,41,-2,384.1448598130841,374.69158878504675,5,8,3.606760881949162,214,high
41,19,41,40,95,101,389.03663003663,369.1904761904762,6,8,3.586666531032986,273,high
42,20,42,30,43,-2,325.62406015037595,416.67293233082705,6,0,2.3860891057156968,266,low
43,20,43,42,106,117,322.6898550724638,420.3478260869565,7,0,4.046045244527808,345,high
44,21,44,30,45,-2,351.7007299270073,419.2043795620438,6,3,2.812428681746773,274,low
45,21,45,44,845,843,350.07282913165267,419.5378151260504,7,18,4.14713134765625,357,high
46,22,46,35,47,-2,370.40845070422534,399.7699530516432,6,6,3.2044264340231603,213,low
47,22,47,46,48,-2,369.4379562043796,397.54379562043795,7,6,3.463322230747768,274,low
48,22,48,47,998,830,355.42559523809524,395.3095238095238,8,8,3.084545135498047,336,low
49,23,49,35,50,-2,393.6752136752137,411.3205128205128,6,10,3.2591475474683542,234,low
50,23,50,49,51,-2,394.5678571428571,412.4892857142857,7,12,4.629940295345569,280,high
51,23,51,50,181,184,395.04985337243403,413.6158357771261,8,25,2.9931241022631725,341,low
52,24,52,37,53,-2,394.6190476190476,398.2063492063492,6,11,3.286669921875,189,low
53,24,53,52,54,-2,395.3066666666667,397.6355555555556,7,13,4.701479576373923,225,high
54,24,54,53,55,-2,403.2277580071174,403.79359430604984,8,18,3.088429552443484,281,low
55,24,55,54,56,-2,404.3680781758958,405.0,9,15,4.088572765531994,307,high
56,24,56,55,57,-2,409.875,405.9255319148936,10,23,2.9777103253264925,376,low
57,24,57,56,58,-2,421.69296375266526,406.953091684435,11,48,2.6974458960187695,469,low
58,24,58,57,59,-2,412.4673913043478,415.69202898550725,12,37,2.639269247822378,276,low
59,24,59,58,507,510,414.7894736842105,417.88157894736844,13,65,4.21300341796875,380,high
60,25,60,37,61,-2,413.17,387.395,6,13,3.59435542937248,200,high
61,25,61,60,62,-2,414.797520661157,386.21487603305786,7,17,5.3976185779697845,242,high
62,25,62,61,174,170,419.02033898305086,383.93220338983053,8,22,2.9579264322916665,295,low
63,26,63,14,64,-2,381.2429149797571,385.21457489878543,6,7,3.012871291109188,247,low
64,26,64,63,65,-2,384.4402730375427,379.6655290102389,7,10,4.366411436407059,293,high
65,26,65,64,66,-2,384.9318181818182,388.27840909090907,8,15,3.301375212492766,176,low
66,26,66,65,67,-2,385.4752475247525,388.75742574257424,9,12,3.696898929656498,202,high
67,26,67,66,280,275,390.4651162790698,389.3759689922481,10,38,3.007688448026583,258,low
68,27,68,28,69,-2,387.2113821138211,356.5691056910569,6,9,2.787655142850654,246,low
69,27,69,68,146,147,402.78323699421964,348.0057803468208,7,14,3.7538059779575894,346,high
70,28,70,14,71,-2,401.86046480404923,378.52281728716616,6,12,2.817731631699429,279,low
71,28,71,70,158,160,410.10481586402267,373.71388101983,7,15,3.5537653671198592,353,high
72,29,72,21,73,-2,341.780487804878,365.30243902439025,7,2,4.054544929329675,205,high
73,29,73,72,74,-2,337.7326388888889,355.09375,8,6,3.4342031577198777,288,low
74,29,74,73,75,-2,336.3008595988539,351.16332378223495,9,29,3.401223113096835,349,low
75,29,75,74,264,265,333.8014184397163,346.8605200945627,10,35,2.586392310357863,423,low
76,30,76,21,77,-2,361.24401913875596,349.444976076555,7,5,4.603410863164646,209,high
77,30,77,76,78,-2,364.1844262295082,344.29918032786884,8,11,3.335312252952939,244,low
78,30,78,77,187,190,368.05992509363296,341.9250936329588,9,7,1.1832536209461302,267,low
79,31,79,33,80,-2,347.18220338983053,406.1949152542373,7,3,4.611097891119462,236,high
80,31,80,79,81,-2,343.38062283737025,405.55709342560556,8,7,3.39450635008551,289,low
81,31,81,80,221,850,336.53921568627453,406.48366013071893,9,3,3.9990745907738097,306,high
82,32,82,39,83,-2,351.125748502994,389.41317365269464,7,4,5.070253259995404,167,high
83,32,83,82,84,-2,351.6398305084746,382.3771186440678,8,10,3.7829314441215702,236,high
84,32,84,83,85,-2,349.5018450184502,381.2029520295203,9,5,4.805693425358952,271,high
85,32,85,84,86,-2,350.9266666666667,381.91,10,37,2.8606226994441104,300,low
86,32,86,85,87,-2,350.0673522458629,382.69613475177306,11,45,2.965447926799611,377,low
87,32,87,86,88,-2,349.2080378250591,383.4822695035461,12,57,3.076270652744037,423,low
88,32,88,87,89,-2,348.96440677966103,381.6593220338983,13,67,5.232674539237843,590,high
89,32,89,88,90,-2,348.2150259067358,382.4183937823834,14,89,4.825770914119525,772,high
90,32,90,89,91,-2,346.58733624454146,383.0240174672489,15,105,4.897330213635935,916,high
91,32,91,90,92,-2,344.74051282051283,384.5876923076923,16,129,4.046363686615566,975,high
92,32,92,91,93,-2,344.5961904761905,385.38761904761907,17,158,4.407225535260344,1050,high
93,32,93,92,-1,-1,342.18015665796344,388.0809399477807,18,188,3.4810593318203726,1149,high
94,33,94,39,141,143,367.4104046242775,376.1098265895954,7,8,4.836524680808738,173,high
95,34,95,41,96,-2,386.2641509433962,364.2641509433962,7,11,4.778518519450709,159,high
96,34,96,95,97,-2,391.7281553398058,359.252427184466,8,17,3.7735201707526818,206,high
97,34,97,96,98,-2,400.9074074074074,355.64814814814815,9,16,4.730305404114208,216,high
98,34,98,97,99,-2,408.8433734939759,351.421686746988,10,25,2.8940223740653757,249,low
99,34,99,98,100,-2,416.95604395604397,346.12820512820514,11,37,2.9110463169642857,273,low
100,34,100,99,390,392,424.5617283950617,350.5925925925926,12,43,2.9184047154017856,162,low
101,35,101,41,102,-2,405.38709677419354,360.68387096774194,7,16,4.794797579447429,155,high
102,35,102,101,103,-2,398.91279069767444,369.5988372093023,8,19,3.5778491901901535,172,high
103,35,103,102,104,-2,405.921875,367.4947916666667,9,18,3.644376008406929,192,high
104,35,104,103,105,-2,414.9661835748792,364.3188405797101,10,27,2.722402681180132,207,low
105,35,105,104,340,828,420.20805369127515,361.741610738255,11,46,2.7649437202202094,298,low
106,36,106,43,107,-2,311.8009708737864,414.4271844660194,8,0,3.254694468939482,206,low
107,36,107,106,108,-2,304.98268398268397,418.87012987012986,9,0,1.157481363374893,231,low
108,36,108,107,109,-2,303.71078431372547,420.9117647058824,10,2,1.5681701204670009,204,low
109,36,109,108,110,-2,302.1455696202532,427.10759493670884,11,2,1.357927606460896,158,low
110,36,110,109,111,-2,307.10967741935485,431.28387096774196,12,58,1.3398805506089155,155,low
111,36,111,110,112,-2,297.60483870967744,435.14516129032256,13,4,1.6768619396068432,124,low
112,36,112,111,113,-2,296.37988826815644,443.54748603351953,14,91,1.4552500616643846,179,low
113,36,113,112,114,-2,291.60185185185185,449.19444444444446,15,108,1.5366839240579044,216,low
114,36,114,113,115,-2,288.29447852760734,457.95705521472394,16,133,1.2231128692626954,163,low
115,36,115,114,116,-2,287.65868263473055,460.9101796407186,17,163,0.0,167,low
116,36,116,115,-1,-1,285.4125,464.25625,18,197,1.3878016954057673,160,low
117,37,117,43,118,-2,333.20642201834863,427.4678899082569,8,4,3.1957745318646196,218,low
118,37,118,117,119,-2,333.008,430.276,9,4,0.876288822719029,250,low
119,37,119,118,120,-2,332.6814159292035,430.0353982300885,10,7,1.4523449459591427,226,low
120,37,120,119,121,-2,333.2294117647059,433.4764705882353,11,8,1.59598996089055,170,low
121,37,121,120,122,-2,336.5296442687747,433.6877470355731,12,59,1.4517394337574197,253,low
122,37,122,121,123,-2,334.7,435.85,13,16,1.7963154004967732,160,low
123,37,123,122,124,-2,332.29813664596276,440.85714285714283,14,92,1.584520293445122,161,low
124,37,124,123,125,-2,333.73,443.13,15,109,1.5441167243173188,200,low
125,37,125,124,126,-2,330.7198275862069,444.95258620689657,16,134,1.5358235244209886,232,low
126,37,126,125,127,-2,331.6010638297872,448.81382978723406,17,164,0.08184094331702407,188,low
127,37,127,126,-1,-1,333.48366013071893,447.58169934640523,18,198,1.604082460756655,153,low
128,38,128,18,129,-2,310.34444444444443,394.3888888888889,8,1,2.8383270789837014,180,low
129,38,129,128,130,-2,301.05263157894734,395.55023923444975,9,1,5.173321063701923,209,high
130,38,130,129,131,-2,290.5807860262009,392.2139737991266,10,0,2.2491789226290546,229,low
131,38,131,130,132,-2,282.18888888888887,390.7111111111111,11,0,2.218389731959293,270,low
132,38,132,131,133,-2,277.0,391.2517006802721,12,0,2.3106149526742787,294,low
133,38,133,132,134,-2,272.04322766570607,389.80691642651294,13,0,3.5990652061370483,347,high
134,38,134,133,568,569,261.8989361702128,388.16223404255317,14,83,4.087743773496241,376,high
135,39,135,18,136,-2,319.24873096446703,373.994923857868,8,2,3.0684256147044575,197,low
136,39,136,135,137,-2,314.17021276595744,373.5234042553191,9,28,4.255807396673387,235,high
137,39,137,136,138,-2,302.90763052208837,369.26104417670683,10,1,2.5234356942261464,249,low
138,39,138,137,139,-2,298.18888888888887,367.1,11,1,2.608723630187332,270,low
139,39,139,138,140,-2,293.2173913043478,356.6454849498328,12,2,2.331415631444321,299,low
140,39,140,139,414,417,287.1572164948454,348.0798969072165,13,1,4.007937908172607,388,high
141,40,141,94,142,-2,356.6898550724638,369.37391304347824,8,9,2.782753886481528,345,low
142,40,142,141,224,225,361.33660933660934,366.7985257985258,9,30,4.040154569892473,407,high
143,41,143,94,144,-2,375.3663793103448,380.4310344827586,8,14,3.229050181270425,232,low
144,41,144,143,145,-2,378.618320610687,378.46946564885496,9,10,4.6515488310488395,262,high
145,41,145,144,253,256,382.9124579124579,379.8484848484849,10,17,2.410584972750756,297,low
146,42,146,69,165,167,402.56327543424317,341.85856079404465,8,16,2.9351667252378895,403,low
147,43,147,69,148,-2,414.4166666666667,353.80882352941177,8,21,3.7150407678940716,204,high
148,43,148,147,149,-2,428.0349344978166,348.92576419213975,9,22,4.858360442104718,229,high
149,43,149,148,150,-2,439.0,342.68581081081084,10,31,2.462175109576731,296,low
150,43,150,149,151,-2,452.76103896103893,339.74805194805197,11,42,2.6004380530353943,385,low
151,43,151,150,152,-2,461.162447257384,333.04430379746833,12,53,2.7614578435450423,474,low
152,43,152,151,153,-2,474.4172077922078,332.3538961038961,13,59,5.580339787679426,616,high
153,43,153,152,154,-2,482.6817593790427,329.3751617076326,14,90,4.901838709560529,773,high
154,43,154,153,155,-2,491.20116618075804,328.89212827988337,15,106,4.401690715348639,1029,high
155,43,155,154,156,-2,499.78267842822777,328.9711307137129,16,132,4.052210684041031,1247,high
156,43,156,155,157,-2,507.66050295857985,327.3542899408284,17,162,6.246303511639031,1352,high
157,43,157,156,-1,-1,512.6243781094528,323.2686567164179,18,196,2.9923679781275867,1608,low
158,44,158,71,159,-2,402.9018691588785,383.1542056074766,8,20,3.093858054832176,214,low
159,44,159,158,200,203,407.4139194139194,383.13186813186815,9,17,4.888909983080487,273,high
160,45,160,71,161,-2,423.55598455598454,363.984555984556,8,23,2.7646096290191475,259,low
161,45,161,160,209,212,435.55,359.396875,9,23,3.9294521625225363,320,high
162,46,162,237,163,-2,303.8167330677291,403.60956175298804,16,19,4.604210296807262,251,high
163,46,163,162,164,-2,297.3632958801498,409.0074906367041,17,17,4.918839888139204,267,high
164,46,164,163,-1,-1,295.93837535014006,414.2156862745098,18,28,3.071995145552386,357,low
165,47,165,146,166,-2,396.06637168141594,334.88495575221236,9,14,3.9230969403241134,226,high
166,47,166,165,259,263,396.1127272727273,332.3527272727273,10,22,2.3872354932399613,275,low
167,48,167,146,168,-2,422.8705882352941,337.44313725490196,9,21,4.154078489094111,255,high
168,48,168,167,169,-2,426.97482014388487,330.76978417266184,10,30,2.656993632413903,278,low
169,48,169,168,332,336,440.125,325.5731707317073,11,40,3.0820587968404314,328,low
170,49,170,62,171,-2,416.7168674698795,391.01807228915663,9,20,2.0655059814453125,166,low
171,49,171,170,172,-2,422.40860215053766,391.505376344086,10,29,2.9408513119346216,186,low
172,49,172,171,173,-2,423.35874439461884,394.2869955156951,11,38,3.429351806640625,223,low
173,49,173,172,383,387,434.510460251046,394.59832635983264,12,41,2.986585998535156,239,low
174,50,174,62,175,-2,433.5729166666667,373.9479166666667,9,24,2.689194879612001,192,low
175,50,175,174,176,-2,441.56637168141594,372.8274336283186,10,33,1.52113227321677,226,low
176,50,176,175,342,344,447.5871886120996,377.47686832740214,11,43,2.9282473833133014,281,low
177,51,177,817,178,-2,356.0285714285714,356.0857142857143,9,6,3.5190022786458335,210,high
178,51,178,177,837,267,355.7967479674797,356.1341463414634,10,10,2.7855991411812697,246,low
179,52,179,958,180,-2,444.8472906403941,323.384236453202,17,105,6.573996281278307,203,high
180,52,180,179,-1,-1,446.54945054945057,314.4468864468864,18,120,3.517608000102796,273,high
181,53,181,51,182,-2,386.55737704918033,411.3387978142076,9,13,3.29760522240991,183,low
182,53,182,181,183,-2,389.91089108910893,415.66336633663366,10,20,2.939701557159424,202,low
183,53,183,182,304,301,395.37010676156586,425.3523131672598,11,27,2.7097887870592947,281,low
184,54,184,51,185,-2,407.1484716157205,421.6113537117904,9,19,3.2633258770038553,229,low
185,54,185,184,186,-2,411.50471698113205,424.9433962264151,10,26,1.838715168967176,212,low
186,54,186,185,319,325,420.0329341317365,426.31437125748505,11,36,2.570464517468604,334,low
187,55,187,78,188,-2,359.90384615384613,344.9326923076923,10,12,1.6040822809392756,104,low
188,55,188,187,189,-2,358.05699481865287,344.20725388601034,11,15,2.809163325974921,193,low
189,55,189,188,368,364,359.78680203045684,341.7715736040609,12,17,3.535540719317575,197,high
190,56,190,78,250,252,372.26271186440675,336.60169491525426,10,15,1.1909096457741477,118,low
191,57,191,846,192,-2,359.27941176470586,424.8897058823529,10,13,1.8660888671875,136,low
192,57,192,191,193,-2,356.64593301435406,428.7511961722488,11,18,2.6278005040677868,209,low
193,57,193,192,194,-2,358.76824034334766,430.9742489270386,12,21,2.8685403785958195,233,low
194,57,194,193,438,821,354.67385444743934,434.0943396226415,13,68,3.9348455884678644,371,high
195,58,195,820,196,-2,368.8125,416.88392857142856,10,14,2.4158123864067926,224,low
196,58,196,195,296,299,368.3412162162162,424.68581081081084,11,21,2.6259701538085936,296,low
197,59,197,846,198,-2,370.8906513194835,438.0667462099944,10,16,1.5842788131148726,141,low
198,59,198,197,199,-2,375.5769230769231,448.8269230769231,11,22,2.640087421123798,208,low
199,59,199,198,405,410,379.1653846153846,457.48846153846154,12,55,3.1690611696528816,260,low
200,60,200,159,201,-2,404.64827586206894,389.9448275862069,10,24,3.0948089950386133,145,low
201,60,201,200,202,-2,402.3022222222222,394.24444444444447,11,34,2.5139536756150265,225,low
202,60,202,201,377,965,407.65900383141764,398.8927203065134,12,36,2.953823797717066,261,low
203,61,203,159,204,-2,422.16574585635357,377.4696132596685,10,28,2.9778777265970686,181,low
204,61,204,203,205,-2,426.51190476190476,380.91269841269843,11,39,2.7961031891578854,252,low
205,61,205,204,206,-2,434.27777777777777,382.187134502924,12,56,2.4329527509973405,342,low
206,61,206,205,207,-2,457.54545454545456,386.0118577075099,13,50,4.519324944033261,253,high
207,61,207,206,208,-2,466.5973154362416,391.78187919463085,14,68,5.283585528938138,298,high
208,61,208,207,670,909,478.7929292929293,401.07070707070704,15,104,4.7679149831524335,396,high
209,62,209,161,210,-2,434.73846153846154,359.20512820512823,10,32,2.494494915008545,195,low
210,62,210,209,211,-2,436.0532319391635,360.44106463878325,11,41,2.6142056256356323,263,low
211,62,211,210,403,394,448.3108504398827,355.2932551319648,12,49,2.7161460064827128,341,low
212,63,212,161,213,-2,458.26244343891403,351.5113122171946,10,34,2.180990780101103,221,low
213,63,213,212,214,-2,463.1660516605166,353.1107011070111,11,44,2.420294831928454,271,low
214,63,214,213,215,-2,471.5198675496689,350.8907284768212,12,51,2.4873815857537904,302,low
215,63,215,214,904,522,484.449864498645,357.83468834688347,13,69,4.913108325941594,369,high
216,64,216,844,217,-2,316.8167938931298,413.8625954198473,10,3,1.5832501696301746,131,low
217,64,217,216,218,-2,311.22564102564104,416.8820512820513,11,3,2.9618629517594006,195,low
218,64,218,217,219,-2,308.6203703703704,419.1666666666667,12,5,2.9346396080533363,216,low
219,64,219,218,220,-2,304.4406779661017,425.30169491525425,13,6,4.09352458974041,295,high
220,64,220,219,524,564,297.68894601542416,429.95629820051414,14,81,4.3999728624564245,389,high
221,65,221,81,222,-2,345.2953367875648,407.8860103626943,10,9,2.2779266124463264,193,low
222,65,222,221,223,-2,345.17551020408166,408.1551020408163,11,14,2.8132615033318014,245,low
223,65,223,222,355,358,343.2406779661017,407.8813559322034,12,16,2.6871334942066727,295,low
224,66,224,142,238,241,350.08813559322033,366.71525423728815,10,8,2.825763384501139,295,low
225,67,225,142,226,-2,382.70403587443946,364.4529147982063,10,19,2.317268049213248,223,low
226,67,226,225,227,-2,388.859872611465,359.8789808917197,11,26,2.8771310938466894,314,low
227,67,227,226,228,-2,389.9166666666667,360.5572916666667,12,28,2.6717704397733093,192,low
228,67,228,227,229,-2,395.78326996197717,352.26615969581746,13,32,3.980220997827293,263,high
229,67,229,228,591,866,398.4005934718101,345.87240356083083,14,43,4.481959346980485,337,high
230,68,230,831,231,-2,313.57070707070704,391.1818181818182,11,5,2.743169829601378,198,low
231,68,231,230,232,-2,309.94170403587447,389.2152466367713,12,7,2.7334555719131814,223,low
232,68,232,231,426,856,306.7080291970803,394.1240875912409,13,7,5.469584637377635,274,high
233,69,233,831,234,-2,335.9462365591398,396.68817204301075,11,10,2.870365830718494,186,low
234,69,234,233,235,-2,336.5373831775701,396.0233644859813,12,14,2.7487981584337025,214,low
235,69,235,234,236,-2,335.98062015503876,395.12015503875966,13,14,4.883335003274024,258,high
236,69,236,235,237,-2,330.4850299401198,397.29041916167665,14,13,5.468216994713092,334,high
237,69,237,236,847,162,325.0572082379863,398.6681922196796,15,97,4.766233401557508,437,high
238,70,238,224,239,-2,338.51776649746193,361.38578680203045,11,11,2.8902229849747787,197,low
239,70,239,238,240,-2,338.421568627451,360.55392156862746,12,13,3.637922680104962,204,high
240,70,240,239,490,495,334.1,359.75416666666666,13,61,6.4119460756415565,240,high
241,71,241,224,242,-2,360.7091836734694,371.5765306122449,11,17,2.9253939674014138,196,low
242,71,242,241,243,-2,365.32300884955754,371.21238938053096,12,19,2.44255560797614,226,low
243,71,243,242,498,501,368.54487179487177,367.4326923076923,13,62,4.733682686941965,312,high
244,72,244,999,245,-2,359.0673575129534,395.64248704663214,11,16,2.8083577629264074,193,low
245,72,245,244,246,-2,365.3659574468085,395.2936170212766,12,20,2.7923456671779143,235,low
246,72,246,245,455,451,369.9136690647482,391.478417266187,13,22,4.351466814676921,278,high
247,73,247,999,248,-2,375.52197802197804,410.8626373626374,11,23,3.1317850748697915,182,low
248,73,248,247,249,-2,380.9251101321586,415.30396475770925,12,25,2.9366690442453023,227,low
249,73,249,248,969,505,383.23508771929824,416.8421052631579,13,63,4.717322249438881,285,high
250,74,250,190,251,-2,368.2857142857143,334.989417989418,11,20,3.2708297066066576,189,low
251,74,251,250,374,889,368.4204081632653,332.2244897959184,12,54,3.3726263427734375,245,low
252,75,252,190,307,870,390.6907894736842,329.3092105263158,11,29,2.954251289367676,152,low
253,76,253,145,254,-2,377.60287081339715,386.49282296650716,11,25,2.6418018609705105,209,low
254,76,254,253,255,-2,386.93145161290323,384.76612903225805,12,29,2.6812040833221085,248,low
255,76,255,254,474,469,394.160409556314,380.641638225256,13,33,5.421552853467988,293,high
256,77,256,145,257,-2,394.90425531914894,370.6755319148936,11,31,2.8868936289911686,188,low
257,77,257,256,258,-2,405.7803738317757,362.85981308411215,12,33,2.5540128878461634,214,low
258,77,258,257,954,467,415.0136518771331,349.12286689419795,13,36,3.8846526227678573,293,high
259,78,259,166,260,-2,400.33678756476684,340.0673575129534,11,33,2.633606918214813,193,low
260,78,260,259,261,-2,409.3264248704663,343.7046632124352,12,35,2.602351783687233,193,low
261,78,261,260,262,-2,419.98194945848377,328.956678700361,13,40,4.055361273568436,277,high
262,78,262,261,872,310,425.27953890489914,321.04610951008647,14,86,4.820345791903409,347,high
263,79,263,166,313,316,411.12359550561797,327.0842696629214,11,35,2.628819432751886,178,low
264,80,264,75,287,292,319.7170542635659,353.13953488372096,11,7,2.950525580512153,258,low
265,81,265,75,266,-2,339.4343434343434,332.1245791245791,11,9,2.646717691656404,297,low
266,81,266,265,350,352,339.04624277456645,328.3150289017341,12,12,3.0382153741244613,346,low
267,82,267,178,268,-2,345.1724325611457,352.5984539238698,11,13,2.7363155757155373,169,low
268,82,268,267,269,-2,334.54811715481173,349.06276150627616,12,10,3.2187254370712655,239,low
269,82,269,268,270,-2,328.4515050167224,348.6923076923077,13,10,4.28575959274073,299,high
270,82,270,269,271,-2,326.8782608695652,350.06666666666666,14,11,3.7797185952771346,345,high
271,82,271,270,272,-2,325.9382716049383,350.5777777777778,15,18,3.508632114955357,405,high
272,82,272,271,273,-2,320.62420382165607,353.3715498938429,16,107,2.9031769969118733,471,low
273,82,273,272,274,-2,318.5228136882129,355.6577946768061,17,159,5.67120192722721,526,high
274,82,274,273,-1,-1,299.1241379310345,363.49310344827586,18,29,2.782012939453125,290,low
275,83,275,67,276,-2,386.367816091954,406.7068965517241,11,30,3.0121729395411037,174,low
276,83,276,275,277,-2,392.7860465116279,411.8325581395349,12,31,2.5674976268848337,215,low
277,83,277,276,278,-2,396.4182389937107,413.15723270440253,13,64,3.7042464469243024,318,high
278,83,278,277,279,-2,404.4700460829493,406.4147465437788,14,49,4.318806533272385,217,high
279,83,279,278,687,690,410.04137931034484,410.53793103448277,15,100,4.3172607421875,290,high
280,84,280,67,281,-2,393.4140127388535,385.71337579617835,11,32,2.909446384595788,157,low
281,84,281,280,282,-2,403.5820895522388,381.39800995024876,12,34,2.5789330852918386,201,low
282,84,282,281,923,926,410.75250836120404,372.46153846153845,13,37,4.2230599216683204,299,high
283,85,283,1002,284,-2,308.52261306532665,372.6532663316583,12,6,2.658852678004319,199,low
284,85,284,283,430,434,300.2449799196787,369.00803212851406,13,60,5.804799739146393,249,high
285,86,285,1002,286,-2,334.8333333333333,372.5945945945946,12,11,2.49873779296875,222,low
286,86,286,285,1006,880,329.8504983388704,372.2292358803987,13,11,3.6352096778759058,301,high
287,87,287,264,288,-2,315.4256756756757,339.2364864864865,12,8,2.552698218304178,148,low
288,87,288,287,289,-2,313.7386934673367,334.70854271356785,13,9,4.352512971135496,199,high
289,87,289,288,290,-2,312.112,332.288,14,10,4.681928567325367,250,high
290,87,290,289,291,-2,309.6666666666667,329.1054421768707,15,17,4.372073938350867,294,high
291,87,291,290,733,734,306.7701149425287,327.60632183908046,16,110,3.745162513185654,348,high
292,88,292,264,293,-2,315.22222222222223,359.4938271604938,12,9,2.520164639342065,162,low
293,88,293,292,294,-2,306.7927927927928,358.0405405405405,13,8,4.452838604266827,222,high
294,88,294,293,295,-2,300.841726618705,358.66906474820144,14,7,4.577692720078931,278,high
295,88,295,294,621,624,295.9177215189873,354.9810126582278,15,12,3.8119720458984374,316,high
296,89,296,196,297,-2,368.9337016574586,414.11049723756906,12,22,2.3471137433012657,181,low
297,89,297,296,298,-2,372.0975609756098,413.390243902439,13,27,3.794144595961973,246,high
298,89,298,297,585,587,375.5423197492163,416.2413793103448,14,85,3.680338340230507,319,high
299,90,299,196,300,-2,371.52222222222224,437.26666666666665,12,23,2.392112794986441,180,low
300,90,300,299,462,936,365.46638655462186,441.6890756302521,13,24,3.3303360849056602,238,low
301,91,301,183,302,-2,393.56779661016947,436.5762711864407,12,30,2.2765202176743657,118,low
302,91,302,301,303,-2,389.03,440.89,13,29,4.740060806274414,200,high
303,91,303,302,538,595,384.6789667896679,450.0922509225092,14,34,5.297009347499102,271,high
304,92,304,183,305,-2,413.9183673469388,431.4149659863946,12,39,2.2747382668887868,147,low
305,92,305,304,306,-2,417.90909090909093,433.4818181818182,13,39,3.2415231557992787,220,low
306,92,306,305,600,597,423.65245901639344,438.4918032786885,14,87,4.3408167412940495,305,high
307,93,307,252,308,-2,391.0988372093023,323.79651162790697,12,27,3.3399267464040596,172,low
308,93,308,307,309,-2,381.13309352517985,315.158273381295,13,28,4.756571558902138,278,high
309,93,309,308,540,544,378.0488599348534,308.54397394136805,14,32,4.835407409667969,307,high
310,94,310,262,311,-2,416.5079365079365,307.06349206349205,15,64,4.437762920673077,189,high
311,94,311,310,312,-2,413.6910994764398,293.86387434554973,16,63,7.325364196184769,191,high
312,94,312,311,886,810,415.3568075117371,276.11267605633805,17,152,3.4994310851490824,213,high
313,95,313,263,314,-2,416.1168831168831,312.13852813852816,12,38,2.9465536129702428,231,low
314,95,314,313,315,-2,413.6869009584665,304.7092651757188,13,35,5.311613065702421,313,high
315,95,315,314,550,548,414.11168831168834,294.5038961038961,14,45,4.959724398323031,385,high
316,96,316,263,317,-2,428.14516129032256,326.8333333333333,12,44,3.279710896809896,186,low
317,96,317,316,318,-2,442.5483870967742,320.0725806451613,13,48,5.726507371471774,248,high
318,96,318,317,603,559,452.2730158730159,312.752380952381,14,67,5.281200089478141,315,high
319,97,319,186,320,-2,427.3730569948186,435.26943005181346,12,42,2.630889388155346,193,low
320,97,320,319,321,-2,432.6401515151515,436.094696969697,13,42,3.9871421636537066,264,high
321,97,321,320,322,-2,439.96632996632997,441.3333333333333,14,61,4.383388977050782,297,high
322,97,322,321,323,-2,445.19620253164555,447.373417721519,15,76,3.988868104460094,316,high
323,97,323,322,324,-2,449.6912181303116,453.7053824362606,16,76,4.061651880961345,353,high
324,97,324,323,1048,1049,463.36692506459946,464.702842377261,17,107,5.614074937352594,387,high
325,98,325,186,326,-2,434.0670391061453,417.54748603351953,12,45,2.702595668556416,179,low
326,98,326,325,327,-2,442.7142857142857,418.25,13,46,3.9112173227163463,252,high
327,98,327,326,328,-2,450.99630996309963,423.28044280442805,14,65,4.232532154430043,271,high
328,98,328,327,329,-2,459.69642857142856,430.3422619047619,15,103,4.474396871864249,336,high
329,98,329,328,330,-2,464.4351145038168,437.52162849872775,16,124,4.295145909926471,393,high
330,98,330,329,331,-2,475.88235294117646,447.7782805429864,17,161,6.91653634451486,442,high
331,98,331,330,-1,-1,486.5187376725838,459.42209072978306,18,195,2.596864604100983,507,low
332,99,332,169,333,-2,440.3467336683417,309.90954773869345,12,47,3.3545527567390265,199,low
333,99,333,332,334,-2,444.0191570881226,300.0038314176245,13,47,5.310963893581081,261,high
334,99,334,333,335,-2,448.6687697160883,288.7129337539432,14,63,5.11810540533685,317,high
335,99,335,334,693,877,449.32865168539325,274.65168539325845,15,101,5.058365488440041,356,high
336,100,336,169,337,-2,461.4450867052023,319.83815028901734,12,50,2.954493931361607,173,low
337,100,337,336,338,-2,469.4795081967213,312.26229508196724,13,54,4.2232362808719754,244,high
338,100,338,337,339,-2,477.98644067796613,304.3322033898305,14,74,4.346396794394841,295,high
339,100,339,338,655,658,484.7956403269755,298.441416893733,15,90,4.21914188237661,367,high
340,101,340,105,341,-2,428.35714285714283,369.3791208791209,12,40,2.591054634425951,182,low
341,101,341,340,959,956,434.969696969697,362.3636363636364,13,45,5.801580358434607,264,high
342,102,342,176,343,-2,442.5551181102362,405.81889763779526,12,46,2.7496769937236656,254,low
343,102,343,342,515,518,452.03783783783786,408.272972972973,13,66,3.607312300073819,370,high
344,103,344,176,400,397,460.1280487804878,377.7957317073171,12,52,3.0803276195860745,328,low
345,104,345,1005,346,-2,286.44357976653697,411.45525291828795,12,1,2.363570373182352,257,low
346,104,346,345,422,424,279.4788029925187,419.0423940149626,13,2,3.241751045093202,401,low
347,105,347,1005,348,-2,289.37164750957857,381.36015325670496,12,3,2.480963868521602,261,low
348,105,348,347,349,-2,284.91954022988506,377.64367816091954,13,3,3.773687962991783,348,high
349,105,349,348,573,562,276.04545454545456,376.87445887445887,14,80,3.862299493018617,462,high
350,106,350,266,351,-2,328.25757575757575,329.97474747474746,13,13,3.8803765773773193,198,high
351,106,351,350,527,531,325.28682170542635,326.99612403100775,14,15,4.238437069163603,258,high
352,107,352,266,353,-2,347.82706766917295,315.56390977443607,13,17,4.654739061991374,266,high
353,107,353,352,354,-2,350.5233644859813,310.9501557632399,14,19,4.620950331067825,321,high
354,107,354,353,633,635,352.99,302.7325,15,27,4.349672232101213,400,high
355,108,355,223,356,-2,331.0495049504951,409.7029702970297,13,12,3.883750055069314,202,high
356,108,356,355,357,-2,330.65724381625444,413.68197879858656,14,14,4.032048352899398,283,high
357,108,357,356,627,630,328.8850267379679,416.39304812834223,15,19,4.29548095703125,374,high
358,109,358,223,359,-2,355.68932038834953,403.29126213592235,13,20,3.5611331689096715,206,high
359,109,359,358,360,-2,362.12554112554113,402.02164502164504,14,23,4.841147789588342,231,high
360,109,360,359,361,-2,372.39080459770116,402.367816091954,15,42,4.677022833573191,174,high
361,109,361,360,362,-2,374.27777777777777,402.25,16,43,4.224971025839619,252,high
362,109,362,361,363,-2,371.89130434782606,402.2919254658385,17,48,6.492810111899563,322,high
363,109,363,362,-1,-1,378.84285714285716,401.1142857142857,18,173,3.523821969317575,350,high
364,110,364,189,365,-2,347.8471337579618,336.687898089172,13,18,3.8002176487699466,157,high
365,110,365,364,366,-2,346.58937198067633,335.3623188405797,14,17,5.094440806995738,207,high
366,110,366,365,367,-2,345.7991967871486,331.6024096385542,15,98,5.543061400488984,249,high
367,110,367,366,765,767,345.1266846361186,327.38274932614553,16,130,4.878370932482798,371,high
368,111,368,189,369,-2,371.1653543307087,340.496062992126,13,25,4.129300504117398,127,high
369,111,369,368,370,-2,371.0988372093023,338.1918604651163,14,29,5.55951162484976,172,high
370,111,370,369,371,-2,371.6651376146789,330.9449541284404,15,41,5.842055610988451,218,high
371,111,371,370,372,-2,367.99598393574297,330.62248995983936,16,39,4.136015181107955,249,high
372,111,372,371,373,-2,373.4280575539568,326.53237410071944,17,149,4.778959212764617,278,high
373,111,373,372,-1,-1,373.06501547987614,325.73374613003097,18,171,3.5881419293757335,323,high
374,112,374,251,375,-2,372.05395408163264,328.145898744113,13,26,4.838086264474051,174,high
375,112,375,374,376,-2,375.6875,324.0673076923077,14,30,5.95295190029457,208,high
376,112,376,375,643,646,380.80427046263344,311.1316725978648,15,43,5.091895109097633,281,high
377,113,377,202,378,-2,409.1393939393939,408.04242424242426,13,38,4.660308526486767,165,high
378,113,378,377,379,-2,414.8905472636816,411.44278606965173,14,53,4.453553207277313,201,high
379,113,379,378,380,-2,417.35497835497836,420.6623376623377,15,63,4.323735814895073,231,high
380,113,380,379,744,717,414.47058823529414,429.2156862745098,16,117,4.415526694439827,306,high
381,114,381,968,382,-2,432.5422535211268,398.056338028169,17,95,3.586953555836397,142,high
382,114,382,381,-1,-1,430.72727272727275,403.8181818181818,18,106,4.721203104654948,110,high
383,115,383,173,384,-2,432.3734939759036,392.9277108433735,13,44,4.378109305245536,166,high
384,115,384,383,385,-2,437.18226600985224,395.3448275862069,14,60,6.036112161507284,203,high
385,115,385,384,386,-2,447.86725663716817,399.8141592920354,15,102,6.164107201804577,226,high
386,115,386,385,755,751,455.2762237762238,405.1083916083916,16,122,3.8494490700206536,286,high
387,116,387,173,388,-2,455.9096385542169,397.7289156626506,13,52,4.736791381835937,166,high
388,116,388,387,389,-2,464.8894230769231,403.9807692307692,14,71,4.825250099963091,208,high
389,116,389,388,673,893,480.532319391635,416.3041825095057,15,87,3.7501709766877003,263,high
390,117,390,100,391,-2,431.22314049586777,376.45454545454544,13,43,3.5520193365555777,242,high
391,117,391,390,1015,557,436.1849529780564,376.4576802507837,14,59,4.112266289796068,319,high
392,118,392,100,393,-2,437.49545454545455,340.9318181818182,13,49,5.095613440688775,220,high
393,118,393,392,952,898,445.68,340.1333333333333,14,88,5.152508903952206,300,high
394,119,394,211,395,-2,467.9259259259259,372.537037037037,13,55,4.17503954016644,216,high
395,119,395,394,396,-2,476.1958333333333,379.0,14,75,4.502587644845847,240,high
396,119,396,395,667,669,487.18243243243245,387.0304054054054,15,92,4.319680280226438,296,high
397,120,397,344,398,-2,479.27669902912623,368.13106796116506,13,56,3.4609536415289255,206,low
398,120,398,397,399,-2,483.9308943089431,370.1869918699187,14,76,4.150592700855152,246,high
399,120,399,398,902,520,490.9,371.3205882352941,15,107,4.217914378585447,340,high
400,121,400,344,401,-2,474.88956956158347,389.9523829876149,13,57,4.020465125335506,247,high
401,121,401,400,402,-2,489.65109034267914,402.10903426791276,14,78,4.18939905732734,321,high
402,121,402,401,907,676,504.9334916864608,414.6223277909739,15,95,3.7829549288828903,421,high
403,122,403,211,404,-2,460.16269841269843,344.6746031746032,13,53,4.918608199718387,252,high
404,122,404,403,962,1021,467.8871473354232,345.7241379310345,14,73,4.515533582899305,319,high
405,123,405,199,406,-2,364.9605911330049,462.679802955665,13,23,5.4828663013599535,203,high
406,123,406,405,407,-2,361.66279069767444,473.47286821705427,14,24,4.34191996824808,258,high
407,123,407,406,408,-2,359.1238390092879,486.4365325077399,15,31,4.317086884469697,323,high
408,123,408,407,409,-2,356.6713286713287,499.8997668997669,16,108,3.0745035807291665,429,low
409,123,409,408,885,813,354.23828125,512.185546875,17,160,5.084997247366324,512,high
410,124,410,199,411,-2,389.71875,465.375,13,30,4.728249686104911,192,high
411,124,411,410,412,-2,392.7399267399267,473.13553113553115,14,38,4.584017289246564,273,high
412,124,412,411,413,-2,397.4334277620397,481.6827195467422,15,51,3.634524473852041,353,high
413,124,413,412,769,771,404.72768878718534,486.3592677345538,16,131,3.315016096729343,437,low
414,125,414,140,415,-2,269.94871794871796,350.7606837606838,14,1,5.184442987505173,234,high
415,125,415,414,416,-2,261.2277992277992,348.26640926640925,15,3,4.868242640695172,259,high
416,125,416,415,698,700,253.2316715542522,344.6686217008798,16,2,3.9123604514382104,341,high
417,126,417,140,418,-2,292.3304721030043,338.1244635193133,14,3,4.501848380796371,233,high
418,126,418,417,419,-2,287.06642066420665,330.84132841328415,15,7,5.025050807643581,271,high
419,126,419,418,420,-2,285.6404833836858,321.3051359516616,16,11,4.305865558474345,331,high
420,126,420,419,421,-2,285.3529411764706,310.82864450127875,17,142,5.373132691347509,391,high
421,126,421,420,-1,-1,285.60537190082647,297.3305785123967,18,165,3.5760282190834602,484,high
422,127,422,346,423,-2,267.6216216216216,413.94208494208493,14,0,3.2735642377068013,259,low
423,127,423,422,606,608,258.7105263157895,419.2397660818713,15,0,3.337290535985896,342,low
424,128,424,346,425,-2,275.140350877193,434.7438596491228,14,2,3.6617173531755287,285,high
425,128,425,424,618,616,272.98950131233596,440.93175853018374,15,6,3.38036973237105,381,low
426,129,426,232,427,-2,297.0723244576951,395.2474898050101,14,5,5.1475949968610495,179,high
427,129,427,426,428,-2,287.4366197183099,396.37089201877933,15,10,4.872738486842105,213,high
428,129,428,427,429,-2,275.26200873362444,394.7860262008734,16,10,3.913131164989883,229,high
429,129,429,428,804,1047,265.3041825095057,395.6996197718631,17,11,3.5550809240644905,263,high
430,130,430,284,431,-2,292.6337209302326,380.0755813953488,14,4,5.521117033781828,172,high
431,130,431,430,432,-2,283.3546798029557,376.384236453202,15,8,4.809670448303223,203,high
432,130,432,431,433,-2,273.7692307692308,376.38034188034186,16,9,4.1217062208387585,234,high
433,130,433,432,1046,805,266.29681978798584,374.75618374558303,17,141,3.2412661249766095,283,low
434,131,434,284,435,-2,289.73202614379085,359.3921568627451,14,6,5.4418784693667765,153,high
435,131,435,434,436,-2,284.4691943127962,353.5545023696682,15,11,4.584115801066377,211,high
436,131,436,435,437,-2,278.7824427480916,347.89312977099235,16,12,4.610695154526654,262,high
437,131,437,436,806,807,276.2582781456954,340.6788079470199,17,144,5.071605723391297,302,high
438,132,438,194,439,-2,357.08810572687224,421.04405286343615,14,22,5.023102904395234,227,high
439,132,439,438,440,-2,359.9505703422053,421.5665399239544,15,32,5.053278416763117,263,high
440,132,440,439,441,-2,353.2422360248447,428.1304347826087,16,33,4.066335042317708,161,high
441,132,441,440,442,-2,354.90225563909775,427.45864661654133,17,42,4.712792420998598,133,high
442,132,442,441,-1,-1,363.78625954198475,412.6641221374046,18,191,4.240736869916524,131,high
443,133,443,839,444,-2,356.9742268041237,350.67525773195877,14,25,4.3254793228641635,194,high
444,133,444,443,445,-2,359.421686746988,348.77510040160644,15,33,4.5185606421493905,249,high
445,133,445,444,446,-2,354.8783783783784,347.22972972972974,16,31,4.328047460439254,296,high
446,133,446,445,447,-2,354.2577639751553,341.5,17,41,6.028818382407135,322,high
447,133,447,446,-1,-1,371.3411078717201,351.6734693877551,18,172,4.023219682594046,343,high
448,134,448,839,449,-2,377.65989847715736,352.0964467005076,14,35,4.128259939740794,197,high
449,134,449,448,450,-2,379.32244897959185,345.2857142857143,15,44,4.128474308894231,245,high
450,134,450,449,465,887,377.8279220779221,343.5422077922078,16,42,3.7417049229702104,308,high
451,135,451,246,452,-2,359.11538461538464,390.5076923076923,14,27,4.954933929443359,130,high
452,135,452,451,453,-2,362.5189873417722,391.63291139240505,15,36,4.686056398877911,158,high
453,135,453,452,454,-2,363.1212121212121,391.92727272727274,16,37,4.611796851297027,165,high
454,135,454,453,788,789,365.1914893617021,390.93617021276594,17,49,6.58359190475109,141,high
455,136,455,246,456,-2,379.58490566037733,391.9811320754717,14,36,5.342239228805693,159,high
456,136,456,455,457,-2,387.77272727272725,390.92727272727274,15,47,5.161116057751226,220,high
457,136,457,456,458,-2,391.1639344262295,390.0245901639344,16,51,4.7103830973307295,244,high
458,136,458,457,459,-2,391.51428571428573,388.9485714285714,17,64,5.824695484058277,175,high
459,136,459,458,-1,-1,406.7705263157895,392.4063157894737,18,174,3.610309732371363,176,high
460,137,460,827,461,-2,377.3653136531365,462.09963099630994,14,31,4.1578433051783374,271,high
461,137,461,460,637,640,371.84,473.71076923076924,15,37,4.627371651785714,325,high
462,138,462,300,534,945,356.1967213114754,448.21311475409834,14,28,4.14417966499856,305,high
463,139,463,506,464,-2,385.00943396226415,446.6792452830189,16,49,3.5293250450721154,212,high
464,139,464,463,504,790,382.88813559322034,453.8305084745763,17,62,5.672301616865335,295,high
465,140,465,450,466,-2,390.98837209302326,341.73837209302326,17,66,5.866983864524148,172,high
466,140,466,465,-1,-1,390.7477477477477,342.26576576576576,18,79,3.635889892578125,222,high
467,141,467,258,468,-2,409.2817679558011,352.0,14,52,4.524865936814693,181,high
468,141,468,467,917,920,412.0350194552529,346.50194552529183,15,65,4.371445164535984,257,high
469,142,469,255,470,-2,395.82738095238096,394.7142857142857,14,44,5.46242438422309,168,high
470,142,470,469,471,-2,402.4971098265896,400.71098265895955,15,58,6.246158239976415,173,high
471,142,471,470,472,-2,403.13852813852816,406.4415584415584,16,58,3.747407499726836,231,high
472,142,472,471,473,-2,400.5601374570447,412.29896907216494,17,150,5.388802083333333,291,high
473,142,473,472,-1,-1,407.08088235294116,403.125,18,199,3.7733222961425783,136,high
474,143,474,255,475,-2,399.3618421052632,374.0855263157895,14,47,5.732511179070723,152,high
475,143,475,474,476,-2,404.8342857142857,376.5257142857143,15,60,5.406878716122788,175,high
476,143,476,475,477,-2,410.30516431924883,377.962441314554,16,64,5.514896758615154,213,high
477,143,477,476,478,-2,411.74122807017545,382.55263157894734,17,79,5.726908365885417,228,high
478,143,478,477,-1,-1,416.1986301369863,384.9931506849315,18,200,5.000023502042924,146,high
479,144,479,871,480,-2,400.74111675126903,307.0964467005076,14,42,4.490252782428075,197,high
480,144,480,479,481,-2,406.75949367088606,284.2911392405063,15,56,4.966274640418046,237,high
481,144,481,480,482,-2,408.65734265734267,268.13286713286715,16,60,4.440672522560161,286,high
482,144,482,481,986,987,407.4924924924925,250.68768768768768,17,74,6.394963367444249,333,high
483,145,483,829,484,-2,456.2371134020619,343.9226804123711,14,69,4.302913542716734,194,high
484,145,484,483,649,652,460.96830985915494,341.52464788732397,15,86,4.196153778390786,284,high
485,146,485,829,486,-2,459.3333333333333,370.0,14,70,3.870494079589844,192,high
486,146,486,485,487,-2,466.0551181102362,375.4527559055118,15,85,4.136144324194027,254,high
487,146,487,486,488,-2,471.6885245901639,375.9344262295082,16,88,3.8008900870264104,183,high
488,146,488,487,489,-2,483.00787401574803,382.9488188976378,17,121,6.945047390241564,254,high
489,146,489,488,-1,-1,488.12422360248445,386.9192546583851,18,139,2.929634464597239,322,low
490,147,490,240,491,-2,318.9166666666667,363.94871794871796,14,12,5.093883514404297,156,high
491,147,491,490,492,-2,315.2964824120603,364.89447236180905,15,16,4.934627591646635,199,high
492,147,492,491,493,-2,304.98046875,368.16796875,16,18,4.494537870762712,256,high
493,147,493,492,494,-2,291.5392491467577,374.5221843003413,17,16,5.4289247154584395,293,high
494,147,494,493,-1,-1,289.1568047337278,379.7899408284024,18,25,2.962512367650082,338,low
495,148,495,240,496,-2,341.9583333333333,358.6736111111111,14,18,6.195607152478448,144,high
496,148,496,495,497,-2,342.8875,358.4875,15,26,5.360992431640625,160,high
497,148,497,496,932,707,338.08715596330273,361.8119266055046,16,112,3.736593217992071,218,high
498,149,498,243,499,-2,359.7111111111111,366.2055555555556,14,26,5.525669066373967,180,high
499,149,499,498,500,-2,366.46058091286307,366.8755186721992,15,34,4.399754436469517,241,high
500,149,500,499,1032,996,370.7785016286645,367.5342019543974,16,36,4.7806393462832615,307,high
501,150,501,243,502,-2,382.20526315789476,366.40526315789475,14,37,4.916934712727865,190,high
502,150,502,501,503,-2,386.6563876651982,362.2511013215859,15,46,3.843061731216755,227,high
503,150,503,502,1036,1034,387.7549668874172,358.7450331125828,16,116,4.086876551310222,302,high
504,151,504,464,-1,-1,378.79816513761466,440.6192660550459,18,74,3.0591369205050998,218,low
505,152,505,249,506,-2,393.20089285714283,432.98660714285717,14,40,4.285826309867527,224,high
506,152,506,505,463,934,386.9935064935065,444.10714285714283,15,45,4.227028011658031,308,high
507,153,507,59,508,-2,410.57563025210084,433.52521008403363,14,50,4.537314278738839,238,high
508,153,508,507,509,-2,414.24542124542126,439.03663003663,15,61,4.17554597481669,273,high
509,153,509,508,974,742,414.7781350482315,443.37299035369773,16,118,3.540490538630653,311,high
510,154,510,59,511,-2,427.58035714285717,413.71875,14,58,4.745147705078125,224,high
511,154,511,510,512,-2,433.8492063492063,417.4166666666667,15,75,4.987866417836335,252,high
512,154,512,511,513,-2,437.2661870503597,420.6151079136691,16,77,4.254475911458333,278,high
513,154,513,512,514,-2,443.6842105263158,425.18947368421055,17,100,6.963946881071891,285,high
514,154,514,513,-1,-1,444.42900302114805,427.81873111782477,18,112,3.2214166345730635,331,low
515,155,515,343,516,-2,446.5208333333333,408.4270833333333,14,64,4.387996196746826,192,high
516,155,516,515,517,-2,455.092,413.628,15,81,4.250624323465738,250,high
517,155,517,516,757,759,461.35369774919616,420.7234726688103,16,123,3.94890625,311,high
518,156,518,343,519,-2,471.64,419.844,14,72,3.933752890744824,250,high
519,156,519,518,661,664,485.0426829268293,433.6707317073171,15,91,3.9317488760318398,328,high
520,157,520,399,521,-2,489.0353982300885,352.6637168141593,16,96,3.8357051304408483,226,high
521,157,521,520,940,773,497.8553614527066,355.4357545109757,17,155,5.277402877807617,272,high
522,158,522,215,523,-2,498.3833992094862,373.05928853754943,14,79,4.136351799242425,253,high
523,158,523,522,979,976,507.4281045751634,377.7450980392157,15,94,4.50740633305815,306,high
524,159,524,220,525,-2,283.39834024896265,426.56846473029043,15,9,4.707724018461385,241,high
525,159,525,524,526,-2,272.03214285714284,427.74285714285713,16,7,3.7125515780606113,280,high
526,159,526,525,942,941,261.9244712990937,433.7794561933535,17,10,5.336846179496951,331,high
527,160,527,351,528,-2,319.472602739726,334.6849315068493,15,20,4.359656858979986,146,high
528,160,528,527,529,-2,316.2282608695652,334.1195652173913,16,22,4.946138026350636,184,high
529,160,529,528,530,-2,313.75,333.85087719298247,17,23,6.045131259494358,228,high
530,160,530,529,-1,-1,337.5242718446602,351.2880258899676,18,44,2.6957418716962063,309,low
531,161,531,351,532,-2,325.17910447761193,311.6865671641791,15,22,4.1528528284143515,201,high
532,161,532,531,533,-2,323.4375,308.17857142857144,16,24,4.356212158203125,224,high
533,161,533,532,784,785,323.91519434628975,299.0812720848057,17,26,4.732005129578293,283,high
534,162,534,462,535,-2,348.6082474226804,445.1546391752577,15,29,3.5958794487847223,194,high
535,162,535,534,536,-2,339.92424242424244,451.1212121212121,16,30,3.266320239538434,264,low
536,162,536,535,537,-2,340.18023255813955,453.6511627906977,17,30,6.019429338087729,344,high
537,162,537,536,-1,-1,335.9009433962264,464.7122641509434,18,48,2.5855722138375947,212,low
538,163,538,303,539,-2,363.9187817258883,460.5888324873096,15,35,4.176514156281002,197,high
539,163,539,538,949,943,353.85223367697597,474.36426116838487,16,115,3.8447802861531577,291,high
540,164,540,309,541,-2,368.23899371069183,308.20754716981133,15,40,4.955964098478619,159,high
541,164,541,540,542,-2,365.99014778325125,299.04926108374383,16,41,4.3751196092174895,203,high
542,164,542,541,543,-2,362.54581673306774,297.0278884462151,17,45,6.563143007314888,251,high
543,164,543,542,-1,-1,356.55238095238093,295.89206349206347,18,169,3.031136517548681,315,low
544,165,544,309,545,-2,384.55440414507774,291.72020725388603,15,48,5.07322705078125,193,high
545,165,545,544,546,-2,383.3574660633484,277.3076923076923,16,47,4.271315987228502,221,high
546,165,546,545,547,-2,379.9504132231405,268.5,17,57,7.3971099853515625,242,high
547,165,547,546,-1,-1,377.0772058823529,260.84558823529414,18,70,3.2363512389053253,272,low
548,166,548,315,549,-2,401.942238267148,271.3826714801444,15,54,4.543346300802596,277,high
549,166,549,548,721,723,401.4241573033708,255.95224719101122,16,54,4.175877380371094,356,high
550,167,550,315,551,-2,426.5518867924528,274.938679245283,15,68,5.083031042298274,212,high
551,167,551,550,552,-2,428.5652173913044,254.37154150197628,16,70,4.765386121026401,253,high
552,167,552,551,951,791,428.09473684210525,231.62456140350878,17,88,4.761588371236911,285,high
553,168,553,953,554,-2,455.7225806451613,344.06451612903226,17,110,6.601554538892663,155,high
554,168,554,553,-1,-1,458.33870967741933,340.31182795698925,18,127,4.717537189352101,186,high
555,169,555,958,556,-2,451.57236842105266,360.875,17,111,6.172844088807398,152,high
556,169,556,555,-1,-1,454.69642857142856,364.28125,18,126,3.147038981119792,224,low
557,170,557,391,558,-2,445.14406779661016,385.885593220339,15,78,3.8048296528477823,236,high
558,170,558,557,896,753,452.5609756097561,390.2134146341463,16,81,3.729762525863299,328,high
559,171,559,318,560,-2,448.529702970297,290.980198019802,15,79,4.66919671921503,202,high
560,171,560,559,561,-2,448.8050847457627,278.8262711864407,16,80,4.840893961588542,236,high
561,171,561,560,1038,1039,453.3910034602076,261.24913494809687,17,103,7.4918836805555555,289,high
562,172,562,349,563,-2,270.95604395604397,355.87545787545787,15,5,4.112832759625345,273,high
563,172,563,562,702,704,263.16564417177915,351.30674846625766,16,5,3.977250872917895,326,high
564,173,564,220,565,-2,306.05925925925925,446.5777777777778,15,13,4.181062308464261,270,high
565,173,565,564,566,-2,297.4225806451613,450.1161290322581,16,15,3.6217157273065474,310,high
566,173,566,565,567,-2,291.08125,449.46875,17,15,6.802775065104167,320,high
567,173,567,566,-1,-1,291.72849462365593,452.23118279569894,18,24,2.6650970921371924,372,low
568,174,568,134,611,613,249.4811320754717,404.9056603773585,15,1,4.114110345008389,212,high
569,175,569,134,570,-2,254.50666666666666,379.22222222222223,15,2,3.9506270048634105,225,high
570,175,570,569,571,-2,241.20866141732284,379.4527559055118,16,1,3.5303855137518276,254,high
571,175,571,570,572,-2,231.60983606557377,379.1737704918033,17,1,4.347024323219477,305,high
572,175,572,571,-1,-1,223.43026706231453,377.71216617210683,18,1,2.8729905148769945,337,low
573,176,573,349,574,-2,265.6666297117517,378.3567416323514,15,4,4.086079079266552,317,high
574,176,574,573,575,-2,255.28780487804877,379.8390243902439,16,4,3.504021086516204,205,high
575,176,575,574,576,-2,247.23305084745763,376.0593220338983,17,6,5.2825876871744795,236,high
576,176,576,575,-1,-1,241.51557093425606,374.02076124567475,18,5,2.66635407792761,289,low
577,177,577,836,578,-2,325.69154228855723,434.55721393034827,15,21,5.343513997395833,201,high
578,177,578,577,579,-2,320.70075757575756,439.29924242424244,16,23,4.068669273739769,264,high
579,177,579,578,580,-2,324.38757396449705,439.38757396449705,17,147,5.12603329940581,338,high
580,177,580,579,-1,-1,324.2913043478261,442.90434782608696,18,43,2.9907437838040867,230,low
581,178,581,836,582,-2,349.35955056179773,415.7134831460674,15,28,6.91623017282197,178,high
582,178,582,581,583,-2,349.40928270042195,417.7257383966245,16,114,6.112777495048415,237,high
583,178,583,582,584,-2,362.20588235294116,414.83088235294116,17,47,6.611881907393292,136,high
584,178,584,583,-1,-1,351.06451612903226,408.02150537634407,18,201,3.446078186035156,93,low
585,179,585,298,586,-2,369.0523560209424,429.22513089005236,15,39,3.484593358533136,191,high
586,179,586,585,709,711,364.65232974910396,434.0,16,38,3.262431516485699,279,low
587,180,587,298,588,-2,385.5,410.2554347826087,15,49,4.249951771327427,184,high
588,180,588,587,589,-2,386.60199004975124,411.1542288557214,16,52,4.461861098108213,201,high
589,180,589,588,590,-2,384.60135135135135,415.97972972972974,17,63,6.135985642336728,148,high
590,180,590,589,-1,-1,386.2937062937063,424.1048951048951,18,78,3.829675024682349,143,high
591,181,591,229,592,-2,402.390243902439,326.6390243902439,15,59,4.495511061853642,205,high
592,181,592,591,593,-2,398.9502074688797,314.3692946058091,16,56,4.4284084488011,241,high
593,181,593,592,594,-2,402.11787072243345,303.37642585551333,17,70,7.253026174214072,263,high
594,181,594,593,-1,-1,401.0361842105263,298.35526315789474,18,81,3.460044195713141,304,low
595,182,595,303,596,-2,389.4719101123595,457.86516853932585,15,50,4.5928178010163485,178,high
596,182,596,595,713,715,384.609022556391,464.6842105263158,16,48,3.871610035615809,266,high
597,183,597,306,598,-2,414.3578431372549,452.8186274509804,15,62,4.886769925631009,204,high
598,183,598,597,599,-2,412.03543307086613,458.9724409448819,16,62,3.794315222537879,254,high
599,183,599,598,808,809,418.89830508474574,462.00338983050847,17,151,4.8695166276737964,295,high
600,184,600,306,601,-2,431.89930643127366,440.8170554854981,15,73,4.2806450628465225,200,high
601,184,601,600,602,-2,440.1461538461538,443.14230769230767,16,74,4.1825877102938565,260,high
602,184,602,601,794,795,454.86495176848877,450.4372990353698,17,102,6.534012763444768,311,high
603,185,603,318,604,-2,463.34761904761905,312.0190476190476,15,84,4.851165771484375,210,high
604,185,604,603,605,-2,466.8057851239669,303.23553719008265,16,85,4.330965945595189,242,high
605,185,605,604,796,797,472.78709677419357,295.63548387096773,17,116,7.29115966796875,310,high
606,186,606,423,607,-2,247.61567164179104,440.4029850746269,16,127,3.1254802078166337,268,low
607,186,607,606,776,777,245.31974921630095,452.86206896551727,17,5,6.734844368948063,319,high
608,187,608,423,609,-2,252.53809523809525,415.45714285714286,16,128,3.385561814948694,210,low
609,187,609,608,610,-2,238.2403846153846,422.06410256410254,17,2,6.919507575757576,312,high
610,187,610,609,-1,-1,226.19059405940595,423.48762376237624,18,187,2.6576937338463344,404,low
611,188,611,568,612,-2,235.5,408.4166666666667,16,0,3.596106167497306,252,high
612,188,612,611,774,775,222.535593220339,412.4542372881356,17,0,4.628358685799193,295,high
613,189,613,568,614,-2,247.0611111111111,400.1277777777778,16,3,3.4018421662159457,180,low
614,189,614,613,615,-2,236.02727272727273,402.54545454545456,17,4,5.281841957405822,220,high
615,189,615,614,-1,-1,246.26640926640925,402.8996138996139,18,9,2.714358538565551,259,low
616,190,616,425,617,-2,261.83935742971886,437.281124497992,16,6,3.6814791888174927,249,high
617,190,617,616,778,779,253.77124183006535,443.0980392156863,17,8,6.404460474387887,306,high
618,191,618,425,619,-2,273.9342931398281,455.1162060624775,16,8,2.983383630154401,253,low
619,191,619,618,620,-2,274.87908496732024,469.30065359477123,17,13,5.881271502293578,306,high
620,191,620,619,-1,-1,276.2083333333333,475.475,18,20,2.7246100958876722,360,low
621,192,621,295,622,-2,285.47846889952154,362.3205741626794,16,13,3.236303849653764,209,low
622,192,622,621,623,-2,280.57307692307694,359.6923076923077,17,14,6.079935957745808,260,high
623,192,623,622,-1,-1,276.728813559322,361.93502824858757,18,23,2.5739520417542017,354,low
624,193,624,295,625,-2,293.3686868686869,337.6363636363636,16,17,3.2649189024481156,198,low
625,193,625,624,626,-2,292.1187214611872,329.5251141552511,17,18,6.2645423835050975,219,high
626,193,626,625,-1,-1,288.8333333333333,321.1066666666667,18,166,2.8210308837890623,300,low
627,194,627,357,628,-2,315.54017857142856,424.29017857142856,16,21,3.460819880167643,224,low
628,194,628,627,629,-2,317.1029411764706,426.75735294117646,17,146,5.77232421875,272,high
629,194,629,628,-1,-1,301.4492753623188,440.3961352657005,18,30,3.3504820008208784,207,low
630,195,630,357,631,-2,337.90673575129534,411.4818652849741,16,28,3.8822455677559704,193,high
631,195,631,630,632,-2,342.65284974093265,410.36787564766837,17,33,6.126757221837198,193,high
632,195,632,631,-1,-1,342.7486631016043,424.26737967914437,18,52,3.3733205074021795,187,low
633,196,633,354,634,-2,339.2674418604651,300.92248062015506,16,29,4.136674063546317,258,high
634,196,634,633,1043,1042,342.0152905198777,287.58715596330273,17,34,7.098080344043427,327,high
635,197,635,354,636,-2,361.53846153846155,285.9311740890688,16,35,4.072323938843551,247,high
636,197,636,635,786,787,363.27508090614884,273.0485436893204,17,46,7.318367430401333,309,high
637,198,637,461,638,-2,353.494623655914,486.6666666666667,16,32,3.2977054783555326,186,low
638,198,638,637,639,-2,351.33490566037733,501.91037735849056,17,39,6.04749824631382,212,high
639,198,639,638,-1,-1,352.03284671532845,506.68978102189783,18,53,2.440895412279212,274,low
640,199,640,461,641,-2,377.2644230769231,485.7692307692308,16,44,3.5142510455587637,208,high
641,199,641,640,642,-2,379.31168831168833,492.965367965368,17,54,6.527038164586829,231,high
642,199,642,641,-1,-1,379.8075117370892,484.76056338028167,18,71,2.7708834944100214,213,low
643,200,643,376,644,-2,374.83522727272725,314.16477272727275,16,45,4.209020116307714,176,high
644,200,644,643,645,-2,378.064039408867,309.9704433497537,17,55,6.394694506637449,203,high
645,200,645,644,-1,-1,376.7351778656126,308.4782608695652,18,69,3.00411869172127,253,low
646,201,646,376,647,-2,384.27840909090907,292.9375,16,50,4.52549560546875,176,high
647,201,647,646,648,-2,382.7546296296296,283.59722222222223,17,60,5.44950532913208,216,high
648,201,648,647,-1,-1,379.49264705882354,277.01838235294116,18,73,3.3052859422637195,272,low
649,202,649,484,650,-2,464.2974358974359,327.2307692307692,16,86,3.8685597737630206,195,high
650,202,650,649,651,-2,468.3245283018868,325.38490566037734,17,115,6.7879129464285715,265,high
651,202,651,650,-1,-1,470.88538681948427,320.54727793696276,18,180,3.484122103276635,349,high
652,203,652,484,653,-2,465.45454545454544,353.69191919191917,16,87,3.792457521423813,198,high
653,203,653,652,654,-2,476.62545454545455,362.15636363636366,17,119,5.14997160836552,275,high
654,203,654,653,-1,-1,481.42898550724635,361.0057971014493,18,137,3.1453791139352374,345,low
655,204,655,339,656,-2,484.84976525821594,284.9201877934272,16,92,4.424318241893797,213,high
656,204,656,655,657,-2,492.3159851301115,278.90334572490707,17,124,5.194900061251849,269,high
657,204,657,656,-1,-1,500.09090909090907,271.0823863636364,18,146,3.658448061735734,352,high
658,205,658,339,659,-2,502.0394088669951,306.54679802955667,16,99,4.002264999761814,203,high
659,205,659,658,660,-2,510.5764192139738,307.77292576419217,17,132,5.5317831856863835,229,high
660,205,660,659,-1,-1,519.0566037735849,308.4188679245283,18,153,3.3186191465796493,265,low
661,206,661,519,662,-2,487.3177083333333,441.9583333333333,16,95,3.663695254568326,192,high
662,206,662,661,663,-2,499.86343612334804,457.4185022026432,17,129,6.938550770711556,227,high
663,206,663,662,-1,-1,509.9646302250804,469.08038585209005,18,184,2.5329543837350816,311,low
664,207,664,519,665,-2,506.6587301587302,457.8452380952381,16,102,3.4101720349542024,252,low
665,207,665,664,666,-2,502.4787878787879,476.76363636363635,17,125,5.716149594603467,330,high
666,207,666,665,-1,-1,501.8787878787879,492.2651515151515,18,143,2.4692696465386286,396,low
667,208,667,396,668,-2,485.0774647887324,394.22535211267603,16,94,3.8557209215666117,142,high
668,208,668,667,1040,1041,502.84183673469386,406.7448979591837,17,130,5.540691203899212,196,high
669,209,669,396,763,761,496.9226519337017,394.7292817679558,16,126,4.271994827140091,362,high
670,210,670,208,671,-2,503.02868852459017,426.42622950819674,16,98,3.5937354303175404,244,high
671,210,671,670,672,-2,520.1610738255033,448.1409395973154,17,135,5.961808964530414,298,high
672,210,672,671,-1,-1,533.8519553072625,469.2513966480447,18,186,2.387659007105334,358,low
673,211,673,389,674,-2,502.2049689440994,441.6583850931677,16,101,3.164382271144701,161,low
674,211,674,673,675,-2,516.2922374429223,461.19634703196346,17,136,6.163589242788461,219,high
675,211,675,674,-1,-1,525.7048611111111,477.96180555555554,18,185,2.2062720823823736,288,low
676,212,676,402,677,-2,520.6964285714286,438.27142857142854,16,106,3.5502228097817334,280,high
677,212,677,676,802,803,539.9625360230548,439.9279538904899,17,140,6.852474228475104,347,high
678,213,678,855,679,-2,271.1208791208791,406.1501831501831,16,109,3.8390047004423944,273,high
679,213,679,678,680,-2,263.29667519181584,409.7084398976982,17,157,5.331174345355731,391,high
680,213,680,679,-1,-1,265.576512455516,426.6797153024911,18,15,2.8089931665924546,281,low
681,214,681,916,682,-2,398.780487804878,473.8292682926829,16,55,3.112569026809802,205,low
682,214,682,681,683,-2,405.80534351145036,478.0381679389313,17,71,6.094483100043403,262,high
683,214,683,682,-1,-1,416.2022471910112,485.07865168539325,18,91,2.4412435696819634,356,low
684,215,684,916,685,-2,425.8471074380165,468.3471074380165,16,69,3.218485144412879,242,low
685,215,685,684,686,-2,438.9160839160839,472.0944055944056,17,93,6.161059694241751,286,high
686,215,686,685,-1,-1,457.3800539083558,481.42048517520215,18,178,2.4885496605099657,371,low
687,216,687,279,688,-2,402.38461538461536,425.7564102564103,16,59,4.184376818068484,156,high
688,216,688,687,689,-2,404.4726368159204,431.1542288557214,17,72,5.875679556779035,201,high
689,216,689,688,-1,-1,400.14912280701753,437.0,18,82,4.492336196387374,228,high
690,217,690,279,691,-2,415.9465240641711,407.9465240641711,16,68,3.9345484415690106,187,high
691,217,691,690,692,-2,415.86343612334804,410.57709251101323,17,81,6.940952064251078,227,high
692,217,692,691,-1,-1,409.4186851211073,417.8961937716263,18,193,3.288974193816489,289,low
693,218,693,335,694,-2,442.7363184079602,257.9452736318408,16,79,4.796526359789299,201,high
694,218,694,693,695,-2,446.9,239.87826086956522,17,101,6.9281201171875,230,high
695,218,695,694,-1,-1,449.66141732283467,226.86220472440945,18,116,3.276684211282169,254,low
696,219,696,931,697,-2,450.4891304347826,275.05434782608694,17,108,6.291230357776989,184,high
697,219,697,696,-1,-1,454.4595744680851,267.53617021276597,18,179,2.994395446777344,235,low
698,220,698,416,699,-2,238.0334928229665,348.98086124401914,17,3,5.525872895211885,209,high
699,220,699,698,-1,-1,234.515873015873,345.62301587301585,18,3,2.5416900634765627,252,low
700,221,700,416,701,-2,255.43654822335026,330.4517766497462,17,9,5.5733369140625,197,high
701,221,701,700,-1,-1,253.8359375,323.375,18,12,2.933502548042385,256,low
702,222,702,563,703,-2,248.7263157894737,354.4,17,7,6.165354671641293,190,high
703,222,703,702,-1,-1,245.19327731092437,351.8655462184874,18,8,3.846879475911458,238,high
704,223,704,563,705,-2,266.075,336.31,17,12,5.723364451574901,200,high
705,223,705,704,-1,-1,264.18518518518516,331.05555555555554,18,18,3.578770699260904,216,high
706,224,706,823,782,783,306.73394495412845,472.77522935779814,17,21,4.502594423965669,218,high
707,225,707,497,708,-2,322.53333333333336,367.6333333333333,17,25,5.5192624355884305,150,high
708,225,708,707,-1,-1,318.22222222222223,368.57936507936506,18,38,3.810507160343536,126,high
709,226,709,586,710,-2,356.22727272727275,450.9025974025974,17,44,6.269063090230082,154,high
710,226,710,709,-1,-1,350.6740088105727,442.6387665198238,18,56,3.2670484270368303,227,low
711,227,711,586,712,-2,369.0358974358974,430.26153846153846,17,52,5.536617058367769,195,high
712,227,712,711,-1,-1,369.3065693430657,424.7153284671533,18,68,3.8562850952148438,137,high
713,228,713,596,714,-2,378.94303797468353,479.8481012658228,17,58,7.130414326985677,158,high
714,228,714,713,-1,-1,385.3475609756098,497.2957317073171,18,72,2.855261538209034,328,low
715,229,715,596,716,-2,392.1098265895954,463.21965317919074,17,68,6.762433887582965,173,high
716,229,716,715,-1,-1,395.37142857142857,468.59183673469386,18,87,2.835632865950906,245,low
717,230,717,380,718,-2,404.0824175824176,443.2802197802198,17,73,6.973305685478344,182,high
718,230,718,717,-1,-1,400.82608695652175,448.90821256038646,18,85,3.3376953125,207,low
719,231,719,914,720,-2,388.6319018404908,305.7546012269939,17,65,5.375498560855263,163,high
720,231,720,719,-1,-1,387.463963963964,303.64414414414415,18,77,2.709668515333489,222,low
721,232,721,549,722,-2,385.4227272727273,249.87272727272727,17,59,4.833948252152424,220,high
722,232,722,721,-1,-1,375.0123839009288,242.06811145510835,18,64,2.7961702218504763,323,low
723,233,723,549,724,-2,406.8738738738739,233.35135135135135,17,77,4.878341565029227,222,high
724,233,724,723,-1,-1,402.33033033033036,218.74174174174175,18,86,3.047165538390837,333,low
725,234,725,925,726,-2,433.07865168539325,331.14606741573033,17,96,6.039336123708951,178,high
726,234,726,725,-1,-1,435.020325203252,328.9186991869919,18,113,3.0348823271602035,246,low
727,235,727,961,728,-2,457.0914285714286,381.51428571428573,17,109,5.504428128583716,175,high
728,235,728,727,-1,-1,461.6163793103448,385.20258620689657,18,125,3.133215370418141,232,low
729,236,729,961,730,-2,478.2173913043478,393.0745341614907,17,120,5.849636874356112,161,high
730,236,730,729,-1,-1,486.7903930131004,401.1877729257642,18,140,2.8657605247776003,229,low
731,237,731,906,732,-2,507.54545454545456,349.34265734265733,17,133,4.7376844188835046,143,high
732,237,732,731,-1,-1,509.47058823529414,344.202614379085,18,151,3.8050946403952204,153,high
733,238,733,291,780,781,300.6822916666667,340.5052083333333,17,20,6.471458943684896,192,high
734,239,734,291,735,-2,307.7556561085973,314.841628959276,17,22,6.530463277882543,221,high
735,239,735,734,-1,-1,302.48339483394835,309.77859778597787,18,32,2.8344076405400815,271,low
736,240,736,823,737,-2,315.751968503937,498.3976377952756,17,24,4.8078427995954245,254,high
737,240,737,736,-1,-1,309.77777777777777,503.74183006535947,18,34,2.6591609539371905,306,low
738,241,738,892,739,-2,328.5668449197861,320.2085561497326,17,29,4.388659354967949,187,high
739,241,739,738,-1,-1,321.57466063348414,323.9004524886878,18,42,3.1370159740179355,221,low
740,242,740,892,741,-2,345.6568047337278,302.9408284023669,17,37,5.271570687342172,169,high
741,242,741,740,-1,-1,336.1779661016949,304.29661016949154,18,50,3.7634542886312907,236,high
742,243,742,509,743,-2,410.8975903614458,453.12048192771084,17,78,6.335260831392729,166,high
743,243,743,742,-1,-1,415.96774193548384,461.57603686635946,18,94,2.7008914432010136,217,low
744,244,744,380,745,-2,426.2142857142857,431.6758241758242,17,87,5.4597668347058,182,high
745,244,745,744,-1,-1,424.13492063492066,439.43650793650795,18,101,2.662143242068407,252,low
746,245,746,928,747,-2,424.28846153846155,385.95512820512823,17,86,6.223192961319633,156,high
747,245,747,746,-1,-1,423.0751445086705,395.1329479768786,18,194,3.8753569359872855,173,high
748,246,748,928,792,793,440.07022471910113,361.35393258426967,17,99,6.9410828621156755,356,high
749,247,749,931,750,-2,430.49295774647885,255.65727699530515,17,89,5.769207258869831,213,high
750,247,750,749,-1,-1,430.7709923664122,241.04198473282443,18,104,2.853305016034915,262,low
751,248,751,386,752,-2,450.005291005291,405.0529100529101,17,104,6.366672910492996,189,high
752,248,752,751,-1,-1,450.8779342723005,408.8920187793427,18,115,3.162042236328125,213,low
753,249,753,558,754,-2,450.6243654822335,392.0507614213198,17,106,5.166965391577744,197,high
754,249,754,753,-1,-1,455.5357142857143,397.0571428571429,18,119,3.1170185744160355,280,low
755,250,755,386,756,-2,465.76477855477856,413.9208624708625,17,118,7.247234598795573,192,high
756,250,756,755,-1,-1,476.25333333333333,422.73333333333335,18,133,3.1875876568733377,225,low
757,251,757,517,758,-2,460.22222222222223,421.9259259259259,17,112,7.241286674555201,216,high
758,251,758,757,-1,-1,461.1196013289036,427.32890365448503,18,124,2.9018228955837113,301,low
759,252,759,517,760,-2,482.1073446327684,434.38418079096044,17,123,6.559080335828993,177,high
760,252,760,759,-1,-1,488.6085106382979,441.59574468085106,18,142,2.9140589560231853,235,low
761,253,761,669,762,-2,508.87958115183244,395.90575916230364,17,131,5.9831073467548075,191,high
762,253,762,761,-1,-1,523.9570815450644,410.1244635193133,18,156,2.9142730914993793,233,low
763,254,763,669,764,-2,516.5134842402322,415.4599646249851,17,138,6.775940789116754,215,high
764,254,764,763,-1,-1,536.1043165467626,436.1906474820144,18,159,2.682533731265944,278,low
765,255,765,367,766,-2,329.90047393364927,337.7962085308057,17,27,3.421646496481147,211,low
766,255,766,765,-1,-1,334.2871621621622,339.85472972972974,18,167,4.53248773619186,296,high
767,256,767,367,768,-2,354.3049645390071,316.8014184397163,17,38,3.62162943089262,282,high
768,256,768,767,-1,-1,347.5521628498728,319.8040712468193,18,192,3.0062338536479083,393,low
769,257,769,413,770,-2,397.70472440944883,495.8070866141732,17,67,6.784109497070313,254,high
770,257,770,769,-1,-1,403.6685393258427,507.2247191011236,18,83,2.4300298276154892,356,low
771,258,771,413,772,-2,428.9217081850534,484.88256227758006,17,83,4.972788278680099,281,high
772,258,772,771,-1,-1,446.26446280991735,492.9586776859504,18,177,2.3082146229091025,363,low
773,259,773,521,-1,-1,493.7426900584795,337.32748538011697,18,144,3.2890860960655606,171,low
774,260,774,612,-1,-1,209.33426966292134,414.1179775280899,18,0,2.4798212359028478,356,low
775,261,775,612,-1,-1,223.04676258992805,405.15107913669067,18,2,2.917798114079301,278,low
776,262,776,607,-1,-1,230.5174129353234,450.17910447761193,18,4,2.250569350846851,201,low
777,263,777,607,-1,-1,244.86486486486487,470.8918918918919,18,7,2.2424067905970984,222,low
778,264,778,617,-1,-1,238.0048309178744,437.6666666666667,18,6,2.7096429489951097,207,low
779,265,779,617,-1,-1,251.64615384615385,460.61538461538464,18,11,2.7162183232668067,195,low
780,266,780,733,-1,-1,295.80155642023345,342.5719844357977,18,31,3.230964169864766,257,low
781,267,781,733,-1,-1,309.4024024024024,332.52252252252254,18,35,3.1896816584617578,333,low
782,268,782,706,-1,-1,303.73390557939916,472.2618025751073,18,33,3.348862192989175,233,low
783,269,783,706,-1,-1,316.14864864864865,472.3063063063063,18,37,2.318880081176758,222,low
784,270,784,533,-1,-1,315.36180904522615,294.69849246231155,18,39,3.1588139354734492,199,low
785,271,785,533,-1,-1,325.505376344086,274.6559139784946,18,41,3.2345632344734767,186,low
786,272,786,636,-1,-1,351.6467661691542,283.81592039800995,18,59,3.171940465127268,201,low
787,273,787,636,-1,-1,363.256038647343,260.69565217391306,18,61,2.96103073480561,207,low
788,274,788,454,-1,-1,368.7611111111111,389.65555555555557,18,65,3.736488798744658,180,high
789,275,789,454,-1,-1,387.8840579710145,412.3864734299517,18,76,3.2317138671875,207,low
790,276,790,464,-1,-1,383.8369565217391,465.5923913043478,18,80,3.0861025950947747,184,low
791,277,791,552,-1,-1,428.2707423580786,208.0,18,102,3.221116181391819,229,low
792,278,792,748,-1,-1,440.72727272727275,379.2640692640693,18,114,3.2814291162428515,231,low
793,279,793,748,-1,-1,444.9338521400778,348.0817120622568,18,118,3.4361775716145835,257,low
794,280,794,602,-1,-1,452.680412371134,451.1082474226804,18,122,2.4269751271893902,194,low
795,281,795,602,-1,-1,474.02162162162165,462.1135135135135,18,134,2.867523454193376,185,low
796,282,796,605,-1,-1,467.0523560209424,294.717277486911,18,131,3.6302562323142222,191,high
797,283,797,605,-1,-1,473.396449704142,274.41420118343194,18,135,3.267608066774764,169,low
798,284,798,964,-1,-1,482.4145077720207,339.8911917098446,18,141,2.8160266718588587,193,low
799,285,799,964,-1,-1,483.79245283018867,318.1132075471698,18,182,3.957754233448776,159,high
800,286,800,903,-1,-1,517.3938053097345,384.07964601769913,18,154,2.7259031483824825,226,low
801,287,801,903,-1,-1,535.8366336633663,406.6237623762376,18,158,2.5110786191878782,202,low
802,288,802,677,-1,-1,551.9038461538462,465.5432692307692,18,163,2.5983461733217594,208,low
803,289,803,677,-1,-1,558.3807531380753,439.2803347280335,18,164,2.4536613695549243,239,low
804,290,804,429,-1,-1,253.08510638297872,387.93617021276594,18,13,3.5109514872233074,188,high
805,291,805,433,-1,-1,259.7217391304348,363.4304347826087,18,16,2.9743862399807224,230,low
806,292,806,437,-1,-1,271.7461139896373,345.4715025906736,18,22,3.5443982841554753,193,high
807,293,807,437,-1,-1,277.7951807228916,322.00602409638554,18,26,3.367928059895833,166,low
808,294,808,599,-1,-1,413.88194444444446,473.6736111111111,18,95,2.94656025279652,144,low
809,295,809,599,-1,-1,436.72680412371136,463.7886597938144,18,111,3.0334294637044272,194,low
810,296,810,312,-1,-1,404.7515923566879,277.5541401273885,18,92,3.908417098823635,157,high
811,297,811,1023,-1,-1,496.96860986547085,363.9820627802691,18,145,3.1312348271759465,223,low
812,298,812,1023,-1,-1,505.7880434782609,387.8097826086956,18,149,2.9656788219105112,184,low
813,299,813,409,-1,-1,337.96762589928056,520.7517985611511,18,47,1.786107643363402,278,low
814,300,814,1,8,9,339.4919168591224,393.6674364896074,2,0,2.928913179403878,433,low
815,301,815,28,816,-2,364.69856459330146,366.99043062200957,6,5,2.846474880642361,209,low
816,301,816,815,817,-2,370.7048611111111,358.52777777777777,7,7,4.430876741704252,288,high
817,301,817,816,861,177,366.7943661971831,356.02535211267605,8,24,3.1341944565007718,355,low
818,302,818,33,819,-2,373.8582375478927,414.76245210727967,7,9,4.101055036272322,261,high
819,302,819,818,820,-2,375.1033434650456,416.32826747720367,8,13,3.116852497083569,329,low
820,302,820,819,195,824,376.44987146529564,419.52185089974296,9,31,4.65480266434263,389,high
821,303,821,194,822,-2,343.3755274261603,456.28691983122366,14,21,5.06340949918017,237,high
822,303,822,821,823,-2,334.73597359735976,468.3201320132013,15,25,5.264413553391588,303,high
823,303,823,822,706,736,320.1474926253687,478.85840707964604,16,111,3.413413718894676,339,low
824,304,824,820,825,-2,392.4587813620072,434.5412186379928,10,21,2.325628270439923,279,low
825,304,825,824,826,-2,396.41322314049586,444.2314049586777,11,28,2.8184914199294746,363,low
826,304,826,825,827,-2,399.75467289719626,449.16121495327104,12,26,2.6148844784910574,428,low
827,304,827,826,915,460,397.03861003861005,453.06756756756755,13,58,3.782029716132199,518,high
828,305,828,105,829,-2,436.5738636363636,351.08522727272725,12,48,2.607322831587358,176,low
829,305,829,828,483,485,451.27147766323026,358.86254295532643,13,51,3.714840603857925,291,high
830,306,830,48,831,-2,336.2869565217391,394.0304347826087,9,27,2.6479611331469393,230,low
831,306,831,830,233,230,326.7912087912088,391.4945054945055,10,4,2.9474207991260593,273,low
832,307,832,844,833,-2,340.16037735849056,419.4811320754717,10,39,1.5435510311486587,106,low
833,307,833,832,834,-2,337.7692307692308,421.7810650887574,11,12,3.4637860048164444,169,low
834,307,834,833,835,-2,337.9651741293532,421.97512437810946,12,15,3.508750264958818,201,high
835,307,835,834,836,-2,336.2325581395349,421.7325581395349,13,15,4.881072253715701,258,high
836,307,836,835,577,581,335.8531468531468,424.6013986013986,14,84,4.580465811270255,286,high
837,308,837,178,838,-2,360.4230769230769,358.3791208791209,11,19,2.8612507602624726,182,low
838,308,838,837,839,-2,362.85897435897436,356.5213675213675,12,18,2.7887662760416667,234,low
839,308,839,838,443,448,364.25949367088606,352.9778481012658,13,21,3.9393749771831192,316,high
840,309,840,855,841,-2,294.0846153846154,431.7423076923077,16,14,4.17662596091246,260,high
841,309,841,840,842,-2,287.3595166163142,435.04229607250755,17,143,4.09298331782503,331,high
842,309,842,841,-1,-1,271.2764976958525,439.97235023041475,18,19,2.864370065969187,217,low
843,310,843,45,844,-2,336.51674641148327,415.8995215311005,8,5,3.2260021299827755,209,low
844,310,844,843,832,216,331.73029045643153,417.8755186721992,9,26,1.4487375423608237,241,low
845,311,845,45,846,-2,364.3531914893617,424.9659574468085,8,12,2.74028084948172,235,low
846,311,846,845,197,191,366.2043795620438,427.3065693430657,9,9,2.7466686731097343,274,low
847,312,847,237,848,-2,333.4632352941176,400.3345588235294,16,25,4.924441159426511,272,high
848,312,848,847,849,-2,332.66319444444446,400.5208333333333,17,28,6.17944836738782,288,high
849,312,849,848,-1,-1,336.58126721763085,400.0192837465565,18,168,3.525912949763446,363,high
850,313,850,81,851,-2,320.96938775510205,402.35714285714283,10,5,2.587670110887097,196,low
851,313,851,850,852,-2,315.0080971659919,404.98785425101215,11,6,2.8123004187835505,247,low
852,313,852,851,853,-2,309.013986013986,403.90909090909093,12,4,2.6132628053099243,286,low
853,313,853,852,854,-2,305.0879765395894,409.21114369501464,13,5,4.593049642677132,341,high
854,313,854,853,855,-2,298.63917525773195,414.94072164948454,14,82,4.737233521002024,388,high
855,313,855,854,840,678,291.93488372093026,417.353488372093,15,96,4.603825925870706,430,high
856,314,856,232,857,-2,309.42944785276075,408.8588957055215,14,8,5.65379150390625,163,high
857,314,857,856,858,-2,308.35960591133005,412.48768472906403,15,15,5.54197704008896,203,high
858,314,858,857,859,-2,303.4356846473029,415.850622406639,16,20,3.0862680755046585,241,low
859,314,859,858,860,-2,305.08846153846156,419.09615384615387,17,19,4.597967344341856,260,high
860,314,860,859,-1,-1,305.5685131195335,422.88921282798833,18,189,3.093980672773621,343,low
861,315,861,817,862,-2,383.58744394618833,350.3811659192825,9,11,4.331979700036951,223,high
862,315,862,861,863,-2,386.0149253731343,349.54477611940297,10,18,2.6089310459584496,268,low
863,315,863,862,864,-2,380.0,351.5421686746988,11,24,2.775600358551624,166,low
864,315,864,863,865,-2,386.73205741626793,348.5023923444976,12,24,2.3626579224593995,209,low
865,315,865,864,988,912,391.44401544401546,339.44015444015446,13,31,3.7549407572685918,259,high
866,316,866,229,867,-2,399.59183673469386,350.4948979591837,15,55,4.691484593633396,196,high
867,316,867,866,868,-2,402.15,342.90833333333336,16,61,4.317213512602306,240,high
868,316,868,867,869,-2,410.0703125,335.27734375,17,80,6.831830111416903,256,high
869,316,869,868,-1,-1,412.1948051948052,333.07142857142856,18,98,3.1809758600199,308,low
870,317,870,252,871,-2,406.9406779661017,329.6228813559322,12,32,2.446321387039988,236,low
871,317,871,870,929,479,409.0543130990415,318.34185303514374,13,34,4.080760793098341,313,high
872,318,872,262,873,-2,438.35714285714283,308.8619047619048,15,72,4.754866988570602,210,high
873,318,873,872,874,-2,440.62890625,299.8828125,16,72,4.394380922670718,256,high
874,318,874,873,1019,1020,443.12456747404843,282.8650519031142,17,97,7.3327734375,289,high
875,319,875,925,876,-2,431.03867403314916,306.1381215469613,17,94,5.713781408361487,181,high
876,319,876,875,-1,-1,431.72469635627533,295.27530364372467,18,176,3.4675668569711537,247,low
877,320,877,335,878,-2,462.3959390862944,270.7715736040609,16,84,4.897269112723214,197,high
878,320,878,877,879,-2,468.55721393034827,257.74626865671644,17,113,5.10118359375,201,high
879,320,879,878,-1,-1,472.48387096774195,245.4516129032258,18,130,3.6550162179129466,248,high
880,321,880,286,881,-2,313.57377049180326,376.8415300546448,14,9,4.34611139377626,183,high
881,321,881,880,882,-2,308.8482142857143,377.03125,15,14,5.15090621145148,224,high
882,321,882,881,883,-2,301.9039145907473,379.79715302491104,16,16,3.4264962784366904,281,low
883,321,883,882,884,-2,303.1580547112462,383.4224924012158,17,145,6.2120622501816865,329,high
884,321,884,883,-1,-1,289.75431034482756,392.2284482758621,18,27,2.9234130023276967,232,low
885,322,885,409,-1,-1,371.2698961937716,513.6332179930796,18,62,2.009190584352503,289,low
886,323,886,312,-1,-1,418.79245283018867,255.56603773584905,18,99,3.479530821455286,159,high
887,324,887,450,888,-2,369.9230769230769,337.97802197802196,17,50,5.546930990928461,182,high
888,324,888,887,-1,-1,364.9113924050633,336.48523206751054,18,60,3.371535792495265,237,low
889,325,889,251,890,-2,351.50306748466255,326.9141104294479,13,19,4.468113663172958,163,high
890,325,890,889,891,-2,347.5924170616114,324.23222748815164,14,20,6.192601634837963,211,high
891,325,891,890,892,-2,342.32363636363635,321.27272727272725,15,24,4.8593038504464285,275,high
892,325,892,891,738,740,339.84789644012943,316.97734627831716,16,113,4.0936792767237105,309,high
893,326,893,389,894,-2,484.50931677018633,423.9751552795031,16,93,3.8666481419613485,161,high
894,326,894,893,895,-2,497.0450450450451,435.44594594594594,17,127,7.285240514954524,222,high
895,326,895,894,-1,-1,505.58156028368796,441.1489361702128,18,148,2.9827172996024407,282,low
896,327,896,558,897,-2,472.8131313131313,402.87373737373736,17,117,5.31134228515625,198,high
897,327,897,896,-1,-1,482.2218181818182,412.44363636363636,18,136,2.801179024832589,275,low
898,328,898,393,899,-2,451.1887755102041,325.34183673469386,15,82,4.797827935987903,196,high
899,328,899,898,900,-2,454.0175438596491,321.37280701754383,16,83,4.197818332248264,228,high
900,328,900,899,901,-2,459.47163120567376,314.29432624113474,17,153,5.308792617294815,282,high
901,328,901,900,-1,-1,458.5389221556886,315.2694610778443,18,129,3.77232232494889,167,high
902,329,902,399,903,-2,502.74568965517244,381.0301724137931,16,100,3.584105800574934,232,high
903,329,903,902,800,801,517.6785714285714,388.60714285714283,17,134,7.1831124989774215,308,high
904,330,904,215,905,-2,483.1182795698925,348.81720430107526,14,77,4.6735079581277414,186,high
905,330,905,904,906,-2,489.15677966101697,346.4364406779661,15,93,4.510714826912715,236,high
906,330,906,905,731,992,494.8933333333333,341.37333333333333,16,97,3.8771251768577755,225,high
907,331,907,402,908,-2,514.3675889328064,411.4861660079051,16,104,3.73123779296875,253,high
908,331,908,907,1011,1012,530.1795774647887,426.4823943661972,17,156,6.753328493128272,284,high
909,332,909,208,910,-2,481.4728033472803,406.1882845188284,16,90,3.7254911723889803,239,high
910,332,910,909,911,-2,497.4787644787645,417.65637065637065,17,126,7.49631562622838,259,high
911,332,911,910,-1,-1,512.6716417910447,430.5223880597015,18,183,2.8432168824977784,335,low
912,333,912,865,913,-2,388.2121212121212,336.04242424242426,14,41,3.928543831538228,165,high
913,333,913,912,914,-2,390.74568965517244,326.36206896551727,15,53,4.715366461338141,232,high
914,333,914,913,719,984,388.4826388888889,321.6770833333333,16,53,4.5019274259868425,288,high
915,334,915,827,916,-2,411.5112540192926,459.0868167202572,14,48,3.9209995183470023,311,high
916,334,916,915,681,684,411.6908077994429,465.5069637883008,15,99,4.0589732508505545,359,high
917,335,917,468,918,-2,413.45714285714286,327.68,16,67,3.861341658882473,175,high
918,335,918,917,919,-2,421.13392857142856,314.41964285714283,17,85,6.676234302904782,224,high
919,335,919,918,-1,-1,423.0191082802548,308.89171974522293,18,175,3.13846170677329,314,low
920,336,920,468,921,-2,412.4756097560976,353.1158536585366,16,66,3.978899663037593,164,high
921,336,921,920,922,-2,420.5598086124402,344.6937799043062,17,84,5.492608954436587,209,high
922,336,922,921,-1,-1,422.70542635658916,346.0658914728682,18,103,3.463682386610243,258,low
923,337,923,282,924,-2,420.5959595959596,353.24242424242425,14,57,4.7730741060697115,198,high
924,337,924,923,925,-2,424.4767441860465,342.1046511627907,15,70,5.09197304465554,258,high
925,337,925,924,875,725,424.8282208588957,329.89263803680984,16,121,4.329007621433424,326,high
926,338,926,282,927,-2,410.3824884792627,378.1520737327189,14,51,4.983503578353102,217,high
927,338,927,926,928,-2,417.19272727272727,375.26545454545453,15,67,4.885118127506685,275,high
928,338,928,927,746,748,422.1065088757396,373.00887573964496,16,119,4.75399753736413,338,high
929,339,929,871,930,-2,425.5960591133005,307.69458128078816,14,56,4.362813907818203,203,high
930,339,930,929,931,-2,430.43173431734317,292.929889298893,15,69,4.325609799832274,271,high
931,339,931,930,696,749,434.85545722713863,282.38643067846607,16,120,4.086732087311922,339,high
932,340,932,497,933,-2,344.2260273972603,359.8904109589041,17,35,4.88194061989008,146,high
933,340,933,932,-1,-1,338.4191616766467,363.49700598802394,18,49,4.410569361636513,167,high
934,341,934,506,935,-2,366.45303867403317,463.74585635359114,16,40,3.241653307349281,181,low
935,341,935,934,1045,1044,357.7056451612903,477.14112903225805,17,40,5.180400897930195,248,high
936,342,936,300,937,-2,373.95580110497235,436.37016574585635,14,33,4.2375053886894705,181,high
937,342,937,936,938,-2,368.5762711864407,443.3771186440678,15,38,4.297325478830645,236,high
938,342,938,937,939,-2,358.20996441281136,454.4056939501779,16,34,3.5399466849662162,281,high
939,342,939,938,1014,1013,354.4354354354354,465.975975975976,17,36,5.739914693105381,333,high
940,343,940,521,-1,-1,506.6753246753247,358.2077922077922,18,150,3.006689938631925,154,low
941,344,941,526,-1,-1,259.9904761904762,451.9761904761905,18,14,2.478798029972957,210,low
942,345,942,526,-1,-1,246.13302752293578,427.9724770642202,18,10,2.4860616490460825,218,low
943,346,943,539,944,-2,334.8219895287958,485.84293193717275,17,31,7.442725026709402,191,high
944,346,944,943,-1,-1,329.2690763052209,490.77911646586347,18,45,2.5668044949170223,249,low
945,347,945,462,946,-2,346.15686274509807,468.6372549019608,15,30,3.367965034816576,204,low
946,347,946,945,947,-2,331.8271186440678,477.44745762711864,16,27,2.9988544170673075,295,low
947,347,947,946,948,-2,323.0436046511628,484.8168604651163,17,148,5.279766845703125,344,high
948,347,948,947,-1,-1,321.2307692307692,500.50678733031674,18,40,2.6201692060990767,221,low
949,348,949,539,950,-2,356.68617021276594,489.5691489361702,17,43,6.0091492203641526,188,high
950,348,950,949,-1,-1,353.56349206349205,493.8492063492063,18,57,2.771717979794457,252,low
951,349,951,552,-1,-1,431.8313253012048,225.25903614457832,18,105,3.6384519689223347,166,high
952,350,952,393,953,-2,449.24766355140184,350.55607476635515,15,83,4.677718800511854,214,high
953,350,953,952,994,553,453.59778597785976,352.0590405904059,16,125,4.754330461196478,271,high
954,351,954,258,955,-2,426.0627802690583,332.17040358744396,14,54,3.966752912614729,223,high
955,351,955,954,1026,1029,427.2345276872964,320.84039087947883,15,66,4.246361545398475,307,high
956,352,956,341,957,-2,433.1834319526627,348.91715976331363,14,62,5.455223153490539,169,high
957,352,957,956,958,-2,437.4748858447489,342.09589041095893,15,77,5.739363160851884,219,high
958,352,958,957,555,179,439.43046357615896,337.15562913907286,16,78,4.337928092125619,302,high
959,353,959,341,960,-2,445.5290322580645,369.78709677419357,14,66,5.453025903594628,155,high
960,353,960,959,961,-2,448.9479166666667,373.2239583333333,15,80,4.414364406040737,192,high
961,353,961,960,727,729,457.4390243902439,378.7520325203252,16,82,4.183222381161972,246,high
962,354,962,404,963,-2,473.445,334.42,15,89,4.413197911771617,200,high
963,354,963,962,964,-2,476.077868852459,330.2295081967213,16,89,4.001095199584961,244,high
964,354,964,963,798,799,479.01526717557255,331.03435114503816,17,122,6.265235537574405,262,high
965,355,965,202,966,-2,416.03333333333336,386.4166666666667,13,41,4.4606809362901,180,high
966,355,966,965,967,-2,420.4581280788177,385.0394088669951,14,55,4.724058639171512,203,high
967,355,967,966,968,-2,426.70443349753697,390.3497536945813,15,71,5.205252970071664,203,high
968,355,968,967,381,982,430.1326530612245,396.13775510204084,16,71,5.9248758111118285,196,high
969,356,969,249,970,-2,388.7751479289941,418.8284023668639,14,39,4.471696544828869,169,high
970,356,970,969,971,-2,389.2284263959391,425.0862944162437,15,52,4.86225244140625,197,high
971,356,971,970,972,-2,382.125,432.33482142857144,16,46,4.731409306148831,224,high
972,356,972,971,973,-2,374.63861386138615,442.6089108910891,17,53,6.723677295749471,202,high
973,356,973,972,-1,-1,361.58256880733944,447.5275229357798,18,170,2.6967566856971152,218,low
974,357,974,509,975,-2,430.8636363636364,443.01704545454544,17,91,7.12462983308015,176,high
975,357,975,974,-1,-1,434.56345177664974,445.2233502538071,18,109,3.1700042476498984,197,low
976,358,976,523,977,-2,507.3641975308642,368.10493827160496,16,103,4.390812001329787,162,high
977,358,977,976,978,-2,520.9532710280374,374.1261682242991,17,137,7.41131591796875,214,high
978,358,978,977,-1,-1,524.9540636042403,374.1095406360424,18,155,2.9843962913335758,283,low
979,359,979,523,980,-2,520.605504587156,391.0321100917431,16,105,3.99412569553732,218,high
980,359,980,979,981,-2,539.1443661971831,402.05281690140845,17,139,6.316018194901316,284,high
981,359,981,980,-1,-1,551.349710982659,407.23121387283237,18,160,2.569667543683733,346,low
982,360,982,968,983,-2,426.0973451327434,416.3805309734513,17,90,3.7093759310447565,113,high
983,360,983,982,-1,-1,419.32824427480915,425.1832061068702,18,100,3.332471139090402,131,low
984,361,984,914,985,-2,399.68926553672316,324.8135593220339,17,75,5.574786049979074,177,high
985,361,985,984,-1,-1,401.66379310344826,323.5689655172414,18,90,3.121664009842218,232,low
986,362,986,482,-1,-1,413.8871794871795,223.66666666666666,18,96,2.8728879818246384,195,low
987,363,987,482,-1,-1,398.8826530612245,244.53571428571428,18,88,3.046383717021004,196,low
988,364,988,865,989,-2,402.62345679012344,318.4074074074074,14,46,3.985905965169271,162,high
989,364,989,988,990,-2,405.33179723502303,301.35483870967744,15,57,5.114333767361111,217,high
990,364,990,989,991,-2,404.44202898550725,286.7391304347826,16,57,4.316312963312322,276,high
991,364,991,990,1024,1025,404.733918128655,271.27485380116957,17,69,7.562287803008178,342,high
992,365,992,906,993,-2,493.9837398373984,329.5121951219512,17,128,4.620962834012682,123,high
993,365,993,992,-1,-1,497.5367647058824,323.7352941176471,18,147,4.1653975423177085,136,high
994,366,994,953,995,-2,462.8954248366013,365.11764705882354,17,114,6.597188733287694,153,high
995,366,995,994,-1,-1,466.3894230769231,365.24038461538464,18,132,3.0257476806640624,208,low
996,367,996,500,997,-2,367.2661870503597,363.24460431654677,17,51,5.546235233904367,139,high
997,367,997,996,-1,-1,368.0952380952381,361.9591836734694,18,67,3.6603618051813935,147,high
998,368,998,48,999,-2,362.7330097087379,395.86407766990294,9,8,3.344231420709181,206,low
999,368,999,998,244,247,359.8791208791209,397.12454212454213,10,11,3.3843331473214286,273,low
1000,369,1000,26,1001,-2,326.8833333333333,379.0444444444444,9,2,3.732116139263188,180,high
1001,369,1001,1000,1002,-2,323.69545454545454,374.3681818181818,10,6,2.7308936485877404,220,low
1002,369,1002,1001,283,285,321.8662613981763,374.8753799392097,11,4,2.6751158578055247,329,low
1003,370,1003,26,1004,-2,312.31627906976746,400.0093023255814,9,25,3.2478216686388004,215,low
1004,370,1004,1003,1005,-2,301.6236559139785,396.584229390681,10,36,2.6957760765438987,279,low
1005,370,1005,1004,345,347,292.8275,399.2175,11,47,2.877134002908303,400,low
1006,371,1006,286,1007,-2,335.76344086021504,371.5537634408602,14,16,3.990872242411629,186,high
1007,371,1007,1006,1008,-2,336.33185840707966,371.9424778761062,15,23,4.4765158260569855,226,high
1008,371,1008,1007,1009,-2,335.03065134099614,374.3295019157088,16,26,3.9686657783039454,261,high
1009,371,1009,1008,1010,-2,342.2888888888889,372.3511111111111,17,32,6.079512162642046,225,high
1010,371,1010,1009,-1,-1,320.5243445692884,380.1310861423221,18,36,3.018081325954861,267,low
1011,372,1011,908,-1,-1,548.2471264367816,429.7586206896552,18,162,2.404667802290483,174,low
1012,373,1012,908,-1,-1,543.8562874251497,454.78443113772454,18,161,2.317455139160156,167,low
1013,374,1013,939,-1,-1,367.2466367713005,459.3452914798206,18,63,3.102513207329644,223,low
1014,375,1014,939,-1,-1,344.31739130434784,474.03913043478263,18,51,2.6180074055989584,230,low
1015,376,1015,391,1016,-2,431.66183574879227,365.6183574879227,15,74,4.3389645840259305,207,high
1016,376,1016,1015,1017,-2,434.220640569395,361.9501779359431,16,75,3.90566827833038,281,high
1017,376,1017,1016,1018,-2,428.3755656108597,361.05882352941177,17,92,7.037539129387842,221,high
1018,376,1018,1017,-1,-1,431.38907849829354,365.54948805460754,18,107,3.4408346036585367,293,low
1019,377,1019,874,-1,-1,451.5919540229885,280.01149425287355,18,121,3.054287779564951,174,low
1020,378,1020,874,-1,-1,435.02285714285716,261.5657142857143,18,108,3.142583724555619,175,low
1021,379,1021,404,1022,-2,472.13592233009706,358.79611650485435,15,88,4.256174577985491,206,high
1022,379,1022,1021,1023,-2,479.0,359.58846153846156,16,91,3.8619613647460938,260,high
1023,379,1023,1022,811,812,491.3659305993691,364.52681388012616,17,154,6.306043155229271,317,high
1024,380,1024,991,-1,-1,410.5,247.15454545454546,18,93,2.972842009171196,220,low
1025,381,1025,991,-1,-1,395.2033195020747,271.18672199170123,18,84,3.215981453087679,241,low
1026,382,1026,955,1027,-2,416.16483516483515,306.0934065934066,16,65,4.262508877840909,182,high
1027,382,1027,1026,1028,-2,419.2098765432099,288.6666666666667,17,82,7.16073628344567,243,high
1028,382,1028,1027,-1,-1,417.0066445182724,278.46179401993356,18,97,3.400936498397436,301,low
1029,383,1029,955,1030,-2,437.9142857142857,311.3666666666667,16,73,4.330047151935634,210,high
1030,383,1030,1029,1031,-2,442.00387596899225,298.51162790697674,17,98,6.632453070746528,258,high
1031,383,1031,1030,-1,-1,443.0950920245399,286.6687116564417,18,110,3.204039342195085,326,low
1032,384,1032,500,1033,-2,386.70098039215685,365.72549019607845,17,61,6.692594640395221,204,high
1033,384,1033,1032,-1,-1,389.88321167883214,366.7810218978102,18,75,3.1063515345255532,274,low
1034,385,1034,503,1035,-2,380.91282051282053,351.8,17,56,6.422125,195,high
1035,385,1035,1034,-1,-1,349.6470588235294,369.0457516339869,18,58,4.033910811574835,153,high
1036,386,1036,503,1037,-2,407.64018691588785,359.7056074766355,17,76,6.71945282907197,214,high
1037,386,1037,1036,-1,-1,409.63475177304963,361.37943262411346,18,89,3.132592568850384,282,low
1038,387,1038,561,-1,-1,464.8679245283019,257.22169811320754,18,128,3.5696018166738015,212,high
1039,388,1039,561,-1,-1,448.374358974359,243.3846153846154,18,117,3.4770009765625,195,high
1040,389,1040,668,-1,-1,510.06976744186045,409.8759689922481,18,152,3.2314923430142337,129,low
1041,390,1041,668,-1,-1,521.8623853211009,425.6697247706422,18,157,2.7339814284752153,109,low
1042,391,1042,634,-1,-1,327.6363636363636,292.79545454545456,18,46,3.136208521176691,220,low
1043,392,1043,634,-1,-1,343.93119266055044,273.9036697247706,18,54,2.8396571317165016,218,low
1044,393,1044,935,-1,-1,347.19565217391306,484.42028985507244,18,55,2.504977213541667,138,low
1045,394,1045,935,-1,-1,367.80232558139534,473.6046511627907,18,66,2.3096080106847428,172,low
1046,395,1046,433,-1,-1,266.5208333333333,392.8020833333333,18,21,2.8076772138106922,192,low
1047,396,1047,429,-1,-1,262.69590643274853,410.2573099415205,18,17,3.308163366585134,171,low
1048,397,1048,324,-1,-1,482.8047619047619,477.03809523809525,18,138,2.869748397612236,210,low
1049,398,1049,324,-1,-1,456.671568627451,468.05392156862746,18,123,3.015777587890625,204,low
